    0x00, 0x01, 0x00, 0x00, 0x00, 0x11, 0x01, 0x00, 0x00, 0x04, 0x00, 0x10, 0x47, 0x44, 0x45, 0x46,
    0x04, 0xba, 0x03, 0x8f, 0x00, 0x00, 0x78, 0x2c, 0x00, 0x00, 0x00, 0x64, 0x47, 0x50, 0x4f, 0x53,
    0x56, 0x3a, 0x80, 0x5f, 0x00, 0x00, 0x78, 0x90, 0x00, 0x00, 0x03, 0x74, 0x47, 0x53, 0x55, 0x42,
    0xf3, 0x1c, 0x05, 0xa3, 0x00, 0x00, 0x7c, 0x04, 0x00, 0x00, 0x01, 0x4e, 0x4f, 0x53, 0x2f, 0x32,
    0x5c, 0x9a, 0x04, 0x20, 0x00, 0x00, 0x01, 0x98, 0x00, 0x00, 0x00, 0x60, 0x63, 0x6d, 0x61, 0x70,
    0x42, 0x04, 0xc7, 0x41, 0x00, 0x00, 0x05, 0x88, 0x00, 0x00, 0x02, 0x74, 0x63, 0x76, 0x74, 0x20,
    0x07, 0xa6, 0x12, 0x46, 0x00, 0x00, 0x16, 0xbc, 0x00, 0x00, 0x00, 0x52, 0x66, 0x70, 0x67, 0x6d,
    0x62, 0x2e, 0xfd, 0x7c, 0x00, 0x00, 0x07, 0xfc, 0x00, 0x00, 0x0e, 0x0c, 0x67, 0x61, 0x73, 0x70,
    0x00, 0x00, 0x00, 0x10, 0x00, 0x00, 0x78, 0x24, 0x00, 0x00, 0x00, 0x08, 0x67, 0x6c, 0x79, 0x66,
    0x3d, 0x55, 0x59, 0x05, 0x00, 0x00, 0x18, 0xdc, 0x00, 0x00, 0x58, 0x00, 0x68, 0x65, 0x61, 0x64,
    0x02, 0xcd, 0xe8, 0x21, 0x00, 0x00, 0x01, 0x1c, 0x00, 0x00, 0x00, 0x36, 0x68, 0x68, 0x65, 0x61,
    0x07, 0xb3, 0x02, 0x5c, 0x00, 0x00, 0x01, 0x54, 0x00, 0x00, 0x00, 0x24, 0x68, 0x6d, 0x74, 0x78,
    0x5a, 0x0e, 0x69, 0x4e, 0x00, 0x00, 0x01, 0xf8, 0x00, 0x00, 0x03, 0x90, 0x6c, 0x6f, 0x63, 0x61,
    0xb1, 0x1b, 0x9c, 0xa8, 0x00, 0x00, 0x17, 0x10, 0x00, 0x00, 0x01, 0xca, 0x6d, 0x61, 0x78, 0x70,
    0x02, 0x2f, 0x0e, 0xb1, 0x00, 0x00, 0x01, 0x78, 0x00, 0x00, 0x00, 0x20, 0x6e, 0x61, 0x6d, 0x65,
    0xbb, 0x63, 0xcc, 0xba, 0x00, 0x00, 0x70, 0xdc, 0x00, 0x00, 0x04, 0xe5, 0x70, 0x6f, 0x73, 0x74,
    0x3c, 0x69, 0xe9, 0x3f, 0x00, 0x00, 0x75, 0xc4, 0x00, 0x00, 0x02, 0x60, 0x70, 0x72, 0x65, 0x70,
    0x74, 0x41, 0xdd, 0x32, 0x00, 0x00, 0x16, 0x08, 0x00, 0x00, 0x00, 0xb2, 0x00, 0x01, 0x00, 0x00,
    0x00, 0x01, 0x00, 0x83, 0xfe, 0x63, 0xb4, 0xe8, 0x5f, 0x0f, 0x3c, 0xf5, 0x00, 0x0f, 0x03, 0xe8,
    0x00, 0x00, 0x00, 0x00, 0xb9, 0x18, 0xfa, 0x0f, 0x00, 0x00, 0x00, 0x00, 0xe6, 0xe7, 0xa9, 0xbe,
    0xff, 0x45, 0xff, 0x06, 0x04, 0x65, 0x03, 0xe8, 0x00, 0x00, 0x00, 0x06, 0x00, 0x02, 0x00, 0x00,
    0x00, 0x00, 0x00, 0x00, 0x00, 0x01, 0x00, 0x00, 0x04, 0x06, 0xff, 0x06, 0x00, 0x00, 0x04, 0xe2,
    0xff, 0x45, 0xfd, 0x8f, 0x04, 0x65, 0x00, 0x01, 0x00, 0x00, 0x00, 0x00, 0x00, 0x00, 0x00, 0x00,
    0x00, 0x00, 0x00, 0x00, 0x00, 0x00, 0x00, 0xe4, 0x00, 0x01, 0x00, 0x00, 0x00, 0xe4, 0x00, 0x24,
    0x00, 0x05, 0x00, 0x24, 0x00, 0x05, 0x00, 0x02, 0x00, 0x2c, 0x00, 0x5a, 0x00, 0x8d, 0x00, 0x00,
    0x00, 0x85, 0x0e, 0x0c, 0x00, 0x02, 0x00, 0x01, 0x00, 0x04, 0x02, 0xc0, 0x01, 0x90, 0x00, 0x05,
    0x00, 0x00, 0x02, 0x8a, 0x02, 0x58, 0x00, 0x00, 0x00, 0x4b, 0x02, 0x8a, 0x02, 0x58, 0x00, 0x00,
    0x01, 0x5e, 0x00, 0x32, 0x00, 0xfa, 0x00, 0x00, 0x00, 0x00, 0x00, 0x00, 0x00, 0x00, 0x00, 0x00,
    0x00, 0x00, 0x80, 0x00, 0x00, 0x6f, 0x00, 0x00, 0x00, 0x0a, 0x00, 0x00, 0x00, 0x00, 0x00, 0x00,
    0x00, 0x00, 0x55, 0x4e, 0x4b, 0x4e, 0x00, 0xc0, 0x00, 0x0d, 0x21, 0x22, 0x04, 0x06, 0xff, 0x06,
    0x00, 0x00, 0x03, 0xe8, 0x00, 0xfa, 0x00, 0x00, 0x00, 0x01, 0x00, 0x00, 0x00, 0x00, 0x01, 0xf4,
    0x02, 0xbc, 0x00, 0x00, 0x00, 0x20, 0x00, 0x03, 0x02, 0x71, 0x00, 0x7d, 0x02, 0xee, 0x00, 0x7d,
    0x02, 0xee, 0x00, 0x7d, 0x02, 0xee, 0x00, 0x7d, 0x02, 0xee, 0x00, 0x7d, 0x02, 0xee, 0x00, 0x7d,
    0x02, 0xee, 0x00, 0x7d, 0x02, 0xee, 0x00, 0x7d, 0x03, 0x6b, 0x00, 0x7d, 0x02, 0xee, 0x00, 0x7d,
    0x02, 0xee, 0x00, 0x7d, 0x02, 0xee, 0x00, 0x7d, 0x02, 0xee, 0x00, 0x7d, 0x03, 0x6b, 0x00, 0x7d,
    0x02, 0x71, 0x00, 0x7d, 0x02, 0x71, 0x00, 0x7d, 0x02, 0x71, 0x00, 0x7d, 0x02, 0x71, 0x00, 0x7d,
    0x02, 0x71, 0x00, 0x7d, 0x02, 0x71, 0x00, 0x7d, 0x02, 0xee, 0x00, 0x7d, 0x02, 0xee, 0x00, 0x7d,
    0x01, 0x77, 0x00, 0x7d, 0x01, 0x77, 0x00, 0x7d, 0x01, 0x77, 0x00, 0x00, 0x01, 0x77, 0x00, 0x00,
    0x01, 0x77, 0x00, 0x00, 0x02, 0xee, 0x00, 0x7d, 0x02, 0xee, 0x00, 0x7d, 0x02, 0x71, 0x00, 0x7d,
    0x03, 0x6b, 0x00, 0x7d, 0x03, 0x6b, 0x00, 0x7d, 0x03, 0x6b, 0x00, 0x7d, 0x02, 0xee, 0x00, 0x7d,
    0x02, 0xee, 0x00, 0x7d, 0x02, 0xee, 0x00, 0x7d, 0x02, 0xee, 0x00, 0x7d, 0x02, 0xee, 0x00, 0x7d,
    0x03, 0x6b, 0x00, 0x7d, 0x02, 0xee, 0x00, 0x7d, 0x03, 0x6b, 0x00, 0x7d, 0x02, 0xee, 0x00, 0x7d,
    0x02, 0x71, 0x00, 0x7d, 0x02, 0xee, 0x00, 0x7d, 0x02, 0xee, 0x00, 0x7d, 0x02, 0xee, 0x00, 0x7d,
    0x02, 0xee, 0x00, 0x7d, 0x02, 0x71, 0x00, 0x7d, 0x02, 0xee, 0x00, 0x7d, 0x02, 0xee, 0x00, 0x7d,
    0x02, 0xee, 0x00, 0x7d, 0x02, 0xee, 0x00, 0x7d, 0x02, 0xee, 0x00, 0x7d, 0x03, 0x6b, 0x00, 0x7d,
    0x03, 0x6b, 0x00, 0x7d, 0x03, 0x6b, 0x00, 0x7d, 0x03, 0x6b, 0x00, 0x7d, 0x03, 0x6b, 0x00, 0x7d,
    0x03, 0x6b, 0x00, 0x7d, 0x02, 0x71, 0x00, 0x7d, 0x02, 0x71, 0x00, 0x7d, 0x02, 0xee, 0x00, 0x7d,
    0x02, 0xee, 0x00, 0x7d, 0x02, 0xee, 0x00, 0x7d, 0x02, 0xee, 0x00, 0x7d, 0x02, 0xee, 0x00, 0x7d,
    0x02, 0xee, 0x00, 0x7d, 0x02, 0xee, 0x00, 0x7d, 0x03, 0x6b, 0x00, 0x7d, 0x02, 0x71, 0x00, 0x7d,
    0x02, 0xee, 0x00, 0x7d, 0x02, 0xee, 0x00, 0x7d, 0x02, 0xee, 0x00, 0x7d, 0x03, 0x6b, 0x00, 0x7d,
    0x02, 0x71, 0x00, 0x7d, 0x02, 0x71, 0x00, 0x7d, 0x02, 0x71, 0x00, 0x7d, 0x02, 0x71, 0x00, 0x7d,
    0x02, 0x71, 0x00, 0x7d, 0x02, 0x71, 0x00, 0x7d, 0x02, 0xee, 0x00, 0x7d, 0x02, 0xee, 0x00, 0x7d,
    0x01, 0x77, 0x00, 0x7d, 0x01, 0x77, 0x00, 0x7d, 0x01, 0x77, 0x00, 0x00, 0x01, 0x77, 0x00, 0x00,
    0x01, 0x77, 0x00, 0x00, 0x02, 0xee, 0x00, 0x7d, 0x02, 0xee, 0x00, 0x7d, 0x02, 0x71, 0x00, 0x7d,
    0x03, 0x6b, 0x00, 0x7d, 0x03, 0x6b, 0x00, 0x7d, 0x03, 0x6b, 0x00, 0x7d, 0x02, 0xee, 0x00, 0x7d,
    0x02, 0xee, 0x00, 0x7d, 0x02, 0xee, 0x00, 0x7d, 0x02, 0xee, 0x00, 0x7d, 0x02, 0xee, 0x00, 0x7d,
    0x03, 0x6b, 0x00, 0x7d, 0x02, 0xee, 0x00, 0x7d, 0x03, 0x6b, 0x00, 0x7d, 0x02, 0xee, 0x00, 0x7d,
    0x02, 0x71, 0x00, 0x7d, 0x02, 0xee, 0x00, 0x7d, 0x02, 0xee, 0x00, 0x7d, 0x02, 0xee, 0x00, 0x7d,
    0x02, 0xee, 0x00, 0x7d, 0x02, 0xee, 0x00, 0x7d, 0x02, 0x71, 0x00, 0x7d, 0x02, 0xee, 0x00, 0x7d,
    0x02, 0xee, 0x00, 0x7d, 0x02, 0xee, 0x00, 0x7d, 0x02, 0xee, 0x00, 0x7d, 0x02, 0xee, 0x00, 0x7d,
    0x03, 0x6b, 0x00, 0x7d, 0x03, 0x6b, 0x00, 0x7d, 0x03, 0x6b, 0x00, 0x7d, 0x03, 0x6b, 0x00, 0x7d,
    0x03, 0x6b, 0x00, 0x7d, 0x03, 0x6b, 0x00, 0x7d, 0x02, 0x71, 0x00, 0x7d, 0x02, 0x71, 0x00, 0x7d,
    0x02, 0x71, 0x00, 0x7d, 0x02, 0x71, 0x00, 0x7d, 0x02, 0xee, 0x00, 0x7d, 0x02, 0x71, 0x00, 0x7d,
    0x02, 0xee, 0x00, 0x7d, 0x02, 0xee, 0x00, 0x7d, 0x02, 0xee, 0x00, 0x7d, 0x02, 0xee, 0x00, 0x7d,
    0x02, 0xee, 0x00, 0x7d, 0x02, 0xee, 0x00, 0x7d, 0x02, 0xee, 0x00, 0x7d, 0x02, 0xee, 0x00, 0x7d,
    0x01, 0xf4, 0x00, 0x7d, 0x02, 0x71, 0x00, 0x7d, 0x02, 0x71, 0x00, 0x7d, 0x04, 0x65, 0x00, 0x7d,
    0x04, 0x65, 0x00, 0x7d, 0x04, 0xe2, 0x00, 0x7d, 0x01, 0xf4, 0x00, 0x00, 0x00, 0x00, 0x00, 0x00,
    0x01, 0xf4, 0x00, 0x00, 0x01, 0xf4, 0x00, 0x00, 0x01, 0x77, 0x00, 0x7d, 0x01, 0xf4, 0x00, 0x7d,
    0x01, 0x77, 0x00, 0x7d, 0x01, 0xf4, 0x00, 0x7d, 0x03, 0x6b, 0x00, 0x7d, 0x01, 0x77, 0x00, 0x7d,
    0x01, 0x77, 0x00, 0x7d, 0x02, 0xee, 0x00, 0x7d, 0x02, 0xee, 0x00, 0x7d, 0x01, 0x77, 0x00, 0x7d,
    0x01, 0x77, 0x00, 0x7d, 0x03, 0x6b, 0x00, 0x7d, 0x03, 0x6b, 0x00, 0x7d, 0x02, 0x71, 0x00, 0x7d,
    0x02, 0x71, 0x00, 0x7d, 0x02, 0x71, 0x00, 0x7d, 0x00, 0x00, 0xff, 0x45, 0x02, 0xee, 0x00, 0x7d,
    0x03, 0xe8, 0x00, 0x7d, 0x02, 0xee, 0x00, 0x7d, 0x01, 0xf4, 0x00, 0x7d, 0x01, 0xf4, 0x00, 0x7d,
    0x02, 0x71, 0x00, 0x7d, 0x02, 0x71, 0x00, 0x7d, 0x01, 0xf4, 0x00, 0x7d, 0x01, 0xf4, 0x00, 0x7d,
    0x01, 0xf4, 0x00, 0x7d, 0x02, 0x71, 0x00, 0x7d, 0x02, 0x71, 0x00, 0x7d, 0x02, 0x71, 0x00, 0x7d,
    0x01, 0x77, 0x00, 0x7d, 0x01, 0x77, 0x00, 0x7d, 0x03, 0x6b, 0x00, 0x7d, 0x03, 0x6b, 0x00, 0x7d,
    0x01, 0xf4, 0x00, 0x7d, 0x01, 0xf4, 0x00, 0x7d, 0x02, 0x71, 0x00, 0x7d, 0x01, 0x77, 0x00, 0x7d,
    0x03, 0x6b, 0x00, 0x7d, 0x03, 0x6b, 0x00, 0x7d, 0x02, 0xee, 0x00, 0x7d, 0x03, 0x6b, 0x00, 0x7d,
    0x02, 0xee, 0x00, 0x7d, 0x04, 0x65, 0x00, 0x7d, 0x04, 0x65, 0x00, 0x7d, 0x04, 0xe2, 0x00, 0x7d,
    0x02, 0x71, 0x00, 0x7d, 0x01, 0x77, 0x00, 0x7d, 0x01, 0x77, 0x00, 0x7d, 0x02, 0x71, 0x00, 0x7d,
    0x02, 0x71, 0x00, 0x7d, 0x02, 0x71, 0x00, 0x7d, 0x03, 0x6b, 0x00, 0x7d, 0x02, 0xee, 0x00, 0x7d,
    0x03, 0x6b, 0x00, 0x7d, 0x02, 0xee, 0x00, 0x7d, 0x03, 0x6b, 0x00, 0x7d, 0x03, 0x6b, 0x00, 0x7d,
    0x02, 0x71, 0x00, 0x7d, 0x02, 0x71, 0x00, 0x7d, 0x02, 0x71, 0x00, 0x7d, 0x02, 0x71, 0x00, 0x7d,
    0x02, 0x71, 0x00, 0x7d, 0x03, 0x6b, 0x00, 0x7d, 0x02, 0xee, 0x00, 0x7d, 0x02, 0xee, 0x00, 0x7d,
    0x02, 0x71, 0x00, 0x7d, 0x02, 0xee, 0x00, 0x7d, 0x03, 0x6b, 0x00, 0x7d, 0x03, 0xe8, 0x00, 0x7d,
    0x00, 0x00, 0x00, 0x7d, 0x00, 0x00, 0x00, 0x7d, 0x00, 0x00, 0x00, 0x7d, 0x00, 0x00, 0x00, 0x7d,
    0x00, 0x00, 0x00, 0x7d, 0x00, 0x00, 0x00, 0x7d, 0x00, 0x00, 0x00, 0x87, 0x02, 0x71, 0x00, 0x7d,
    0x01, 0xf4, 0x00, 0x7d, 0x01, 0xf4, 0x00, 0x7d, 0x02, 0x71, 0x00, 0x7d, 0x02, 0xee, 0x00, 0x7d,
    0x02, 0xee, 0x00, 0x7d, 0x01, 0xf4, 0x00, 0x87, 0x00, 0x00, 0x00, 0x02, 0x00, 0x00, 0x00, 0x03,
    0x00, 0x00, 0x00, 0x14, 0x00, 0x03, 0x00, 0x01, 0x00, 0x00, 0x00, 0x14, 0x00, 0x04, 0x02, 0x60,
    0x00, 0x00, 0x00, 0x32, 0x00, 0x20, 0x00, 0x04, 0x00, 0x12, 0x00, 0x0d, 0x00, 0x2f, 0x00, 0x39,
    0x00, 0x7e, 0x00, 0xff, 0x01, 0x53, 0x01, 0x61, 0x01, 0x78, 0x01, 0x7e, 0x01, 0x92, 0x02, 0xc6,
    0x02, 0xdc, 0x03, 0x04, 0x03, 0x08, 0x03, 0x27, 0x20, 0x14, 0x20, 0x1a, 0x20, 0x1e, 0x20, 0x22,
    0x20, 0x26, 0x20, 0x30, 0x20, 0x3a, 0x20, 0xac, 0x21, 0x22, 0xff, 0xff, 0x00, 0x00, 0x00, 0x0d,
    0x00, 0x20, 0x00, 0x30, 0x00, 0x3a, 0x00, 0xa0, 0x01, 0x52, 0x01, 0x60, 0x01, 0x78, 0x01, 0x7d,
    0x01, 0x92, 0x02, 0xc6, 0x02, 0xdc, 0x03, 0x00, 0x03, 0x08, 0x03, 0x27, 0x20, 0x13, 0x20, 0x18,
    0x20, 0x1c, 0x20, 0x20, 0x20, 0x26, 0x20, 0x30, 0x20, 0x39, 0x20, 0xac, 0x21, 0x22, 0xff, 0xff,
    0x00, 0x7f, 0x00, 0x00, 0x00, 0x4c, 0x00, 0x00, 0x00, 0x00, 0x00, 0x00, 0x00, 0x00, 0xfe, 0xc2,
    0x00, 0x00, 0xff, 0x24, 0xfe, 0x1a, 0xfe, 0x05, 0xfd, 0xd7, 0xfd, 0xce, 0xfd, 0xb5, 0xe0, 0x8e,
    0x00, 0x00, 0x00, 0x00, 0x00, 0x00, 0xe0, 0x6e, 0xe0, 0xa5, 0xe0, 0x79, 0xe0, 0x1a, 0xdf, 0x9b,
    0x00, 0x01, 0x00, 0x00, 0x00, 0x30, 0x00, 0x00, 0x00, 0x4c, 0x00, 0xd4, 0x01, 0x92, 0x01, 0x94,
    0x00, 0x00, 0x01, 0x94, 0x00, 0x00, 0x00, 0x00, 0x00, 0x00, 0x00, 0x00, 0x00, 0x00, 0x00, 0x00,
    0x00, 0x00, 0x01, 0x88, 0x01, 0x8c, 0x01, 0x90, 0x00, 0x00, 0x00, 0x00, 0x00, 0x00, 0x00, 0x00,
    0x00, 0x00, 0x00, 0x00, 0x00, 0x8e, 0x00, 0x95, 0x00, 0xb4, 0x00, 0x9c, 0x00, 0xc5, 0x00, 0xd4,
    0x00, 0xb8, 0x00, 0xb5, 0x00, 0xa4, 0x00, 0xa5, 0x00, 0x9b, 0x00, 0xc9, 0x00, 0x91, 0x00, 0x9f,
    0x00, 0x90, 0x00, 0x9d, 0x00, 0x92, 0x00, 0x93, 0x00, 0xce, 0x00, 0xcc, 0x00, 0xcd, 0x00, 0x97,
    0x00, 0xb7, 0x00, 0x01, 0x00, 0x09, 0x00, 0x0a, 0x00, 0x0c, 0x00, 0x0e, 0x00, 0x13, 0x00, 0x14,
    0x00, 0x15, 0x00, 0x16, 0x00, 0x1b, 0x00, 0x1c, 0x00, 0x1d, 0x00, 0x1e, 0x00, 0x1f, 0x00, 0x21,
    0x00, 0x29, 0x00, 0x2b, 0x00, 0x2c, 0x00, 0x2d, 0x00, 0x2f, 0x00, 0x30, 0x00, 0x35, 0x00, 0x36,
    0x00, 0x37, 0x00, 0x38, 0x00, 0x3b, 0x00, 0xa8, 0x00, 0x9e, 0x00, 0xa9, 0x00, 0xd2, 0x00, 0xa3,
    0x00, 0xde, 0x00, 0x3d, 0x00, 0x45, 0x00, 0x46, 0x00, 0x48, 0x00, 0x4a, 0x00, 0x4f, 0x00, 0x50,
    0x00, 0x51, 0x00, 0x52, 0x00, 0x57, 0x00, 0x58, 0x00, 0x59, 0x00, 0x5a, 0x00, 0x5b, 0x00, 0x5d,
    0x00, 0x65, 0x00, 0x67, 0x00, 0x68, 0x00, 0x69, 0x00, 0x6c, 0x00, 0x6d, 0x00, 0x72, 0x00, 0x73,
    0x00, 0x74, 0x00, 0x75, 0x00, 0x78, 0x00, 0xa6, 0x00, 0xbf, 0x00, 0xa7, 0x00, 0xd0, 0x00, 0x8f,
    0x00, 0x96, 0x00, 0xc3, 0x00, 0xc7, 0x00, 0xc4, 0x00, 0xc8, 0x00, 0xc0, 0x00, 0xba, 0x00, 0xdd,
    0x00, 0xbb, 0x00, 0x7a, 0x00, 0xb0, 0x00, 0xd1, 0x00, 0xa0, 0x00, 0xbc, 0x00, 0xe2, 0x00, 0xbe,
    0x00, 0xcf, 0x00, 0x87, 0x00, 0x88, 0x00, 0xdf, 0x00, 0xd3, 0x00, 0xb9, 0x00, 0x99, 0x00, 0xe3,
    0x00, 0x86, 0x00, 0x7b, 0x00, 0xb1, 0x00, 0x8a, 0x00, 0x89, 0x00, 0x8b, 0x00, 0x98, 0x00, 0x05,
    0x00, 0x02, 0x00, 0x03, 0x00, 0x07, 0x00, 0x04, 0x00, 0x06, 0x00, 0x08, 0x00, 0x0b, 0x00, 0x12,
    0x00, 0x0f, 0x00, 0x10, 0x00, 0x11, 0x00, 0x1a, 0x00, 0x17, 0x00, 0x18, 0x00, 0x19, 0x00, 0x0d,
    0x00, 0x20, 0x00, 0x25, 0x00, 0x22, 0x00, 0x23, 0x00, 0x27, 0x00, 0x24, 0x00, 0xca, 0x00, 0x26,
    0x00, 0x34, 0x00, 0x31, 0x00, 0x32, 0x00, 0x33, 0x00, 0x39, 0x00, 0x2a, 0x00, 0x6b, 0x00, 0x41,
    0x00, 0x3e, 0x00, 0x3f, 0x00, 0x43, 0x00, 0x40, 0x00, 0x42, 0x00, 0x44, 0x00, 0x47, 0x00, 0x4e,
    0x00, 0x4b, 0x00, 0x4c, 0x00, 0x4d, 0x00, 0x56, 0x00, 0x53, 0x00, 0x54, 0x00, 0x55, 0x00, 0x49,
    0x00, 0x5c, 0x00, 0x61, 0x00, 0x5e, 0x00, 0x5f, 0x00, 0x63, 0x00, 0x60, 0x00, 0xcb, 0x00, 0x62,
    0x00, 0x71, 0x00, 0x6e, 0x00, 0x6f, 0x00, 0x70, 0x00, 0x76, 0x00, 0x66, 0x00, 0x77, 0x00, 0x28,
    0x00, 0x64, 0x00, 0x2e, 0x00, 0x6a, 0x00, 0x3c, 0x00, 0x79, 0x00, 0xae, 0x00, 0xaf, 0x00, 0xaa,
    0x00, 0xac, 0x00, 0xad, 0x00, 0xab, 0x00, 0xc1, 0x00, 0xc2, 0x00, 0x9a, 0xb0, 0x00, 0x2c, 0x20,
    0xb0, 0x00, 0x55, 0x58, 0x45, 0x59, 0x20, 0x20, 0x4b, 0xb8, 0x00, 0x0e, 0x51, 0x4b, 0xb0, 0x06,
    0x53, 0x5a, 0x58, 0xb0, 0x34, 0x1b, 0xb0, 0x28, 0x59, 0x60, 0x66, 0x20, 0x8a, 0x55, 0x58, 0xb0,
    0x02, 0x25, 0x61, 0xb9, 0x08, 0x00, 0x08, 0x00, 0x63, 0x63, 0x23, 0x62, 0x1b, 0x21, 0x21, 0xb0,
    0x00, 0x59, 0xb0, 0x00, 0x43, 0x23, 0x44, 0xb2, 0x00, 0x01, 0x00, 0x43, 0x60, 0x42, 0x2d, 0xb0,
    0x01, 0x2c, 0xb0, 0x20, 0x60, 0x66, 0x2d, 0xb0, 0x02, 0x2c, 0x23, 0x21, 0x23, 0x21, 0x2d, 0xb0,
    0x03, 0x2c, 0x20, 0x64, 0xb3, 0x03, 0x14, 0x15, 0x00, 0x42, 0x43, 0xb0, 0x13, 0x43, 0x20, 0x60,
    0x60, 0x42, 0xb1, 0x02, 0x14, 0x43, 0x42, 0xb1, 0x25, 0x03, 0x43, 0xb0, 0x02, 0x43, 0x54, 0x78,
    0x20, 0xb0, 0x0c, 0x23, 0xb0, 0x02, 0x43, 0x43, 0x61, 0x64, 0xb0, 0x04, 0x50, 0x78, 0xb2, 0x02,
    0x02, 0x02, 0x43, 0x60, 0x42, 0xb0, 0x21, 0x65, 0x1c, 0x21, 0xb0, 0x02, 0x43, 0x43, 0xb2, 0x0e,
    0x15, 0x01, 0x42, 0x1c, 0x20, 0xb0, 0x02, 0x43, 0x23, 0x42, 0xb2, 0x13, 0x01, 0x13, 0x43, 0x60,
    0x42, 0x23, 0xb0, 0x00, 0x50, 0x58, 0x65, 0x59, 0xb2, 0x16, 0x01, 0x02, 0x43, 0x60, 0x42, 0x2d,
    0xb0, 0x04, 0x2c, 0xb0, 0x03, 0x2b, 0xb0, 0x15, 0x43, 0x58, 0x23, 0x21, 0x23, 0x21, 0xb0, 0x16,
    0x43, 0x43, 0x23, 0xb0, 0x00, 0x50, 0x58, 0x65, 0x59, 0x1b, 0x20, 0x64, 0x20, 0xb0, 0xc0, 0x50,
    0xb0, 0x04, 0x26, 0x5a, 0xb2, 0x28, 0x01, 0x0d, 0x43, 0x45, 0x63, 0x45, 0xb0, 0x06, 0x45, 0x58,
    0x21, 0xb0, 0x03, 0x25, 0x59, 0x52, 0x5b, 0x58, 0x21, 0x23, 0x21, 0x1b, 0x8a, 0x58, 0x20, 0xb0,
    0x50, 0x50, 0x58, 0x21, 0xb0, 0x40, 0x59, 0x1b, 0x20, 0xb0, 0x38, 0x50, 0x58, 0x21, 0xb0, 0x38,
    0x59, 0x59, 0x20, 0xb1, 0x01, 0x0d, 0x43, 0x45, 0x63, 0x45, 0x61, 0x64, 0xb0, 0x28, 0x50, 0x58,
    0x21, 0xb1, 0x01, 0x0d, 0x43, 0x45, 0x63, 0x45, 0x20, 0xb0, 0x30, 0x50, 0x58, 0x21, 0xb0, 0x30,
    0x59, 0x1b, 0x20, 0xb0, 0xc0, 0x50, 0x58, 0x20, 0x66, 0x20, 0x8a, 0x8a, 0x61, 0x20, 0xb0, 0x0a,
    0x50, 0x58, 0x60, 0x1b, 0x20, 0xb0, 0x20, 0x50, 0x58, 0x21, 0xb0, 0x0a, 0x60, 0x1b, 0x20, 0xb0,
    0x36, 0x50, 0x58, 0x21, 0xb0, 0x36, 0x60, 0x1b, 0x60, 0x59, 0x59, 0x59, 0x1b, 0xb0, 0x02, 0x25,
    0xb0, 0x0c, 0x43, 0x63, 0xb0, 0x00, 0x52, 0x58, 0xb0, 0x00, 0x4b, 0xb0, 0x0a, 0x50, 0x58, 0x21,
    0xb0, 0x0c, 0x43, 0x1b, 0x4b, 0xb0, 0x1e, 0x50, 0x58, 0x21, 0xb0, 0x1e, 0x4b, 0x61, 0xb8, 0x10,
    0x00, 0x63, 0xb0, 0x0c, 0x43, 0x63, 0xb8, 0x05, 0x00, 0x62, 0x59, 0x59, 0x64, 0x61, 0x59, 0xb0,
    0x01, 0x2b, 0x59, 0x59, 0x23, 0xb0, 0x00, 0x50, 0x58, 0x65, 0x59, 0x59, 0x20, 0x64, 0xb0, 0x16,
    0x43, 0x23, 0x42, 0x59, 0x2d, 0xb0, 0x05, 0x2c, 0x20, 0x45, 0x20, 0xb0, 0x04, 0x25, 0x61, 0x64,
    0x20, 0xb0, 0x07, 0x43, 0x50, 0x58, 0xb0, 0x07, 0x23, 0x42, 0xb0, 0x08, 0x23, 0x42, 0x1b, 0x21,
    0x21, 0x59, 0xb0, 0x01, 0x60, 0x2d, 0xb0, 0x06, 0x2c, 0x23, 0x21, 0x23, 0x21, 0xb0, 0x03, 0x2b,
    0x20, 0x64, 0xb1, 0x07, 0x62, 0x42, 0x20, 0xb0, 0x08, 0x23, 0x42, 0xb0, 0x06, 0x45, 0x58, 0x1b,
    0xb1, 0x01, 0x0d, 0x43, 0x45, 0x63, 0xb1, 0x01, 0x0d, 0x43, 0xb0, 0x02, 0x60, 0x45, 0x63, 0xb0,
    0x05, 0x2a, 0x21, 0x20, 0xb0, 0x08, 0x43, 0x20, 0x8a, 0x20, 0x8a, 0xb0, 0x01, 0x2b, 0xb1, 0x30,
    0x05, 0x25, 0xb0, 0x04, 0x26, 0x51, 0x58, 0x60, 0x50, 0x1b, 0x61, 0x52, 0x59, 0x58, 0x23, 0x59,
    0x21, 0x59, 0x20, 0xb0, 0x40, 0x53, 0x58, 0xb0, 0x01, 0x2b, 0x1b, 0x21, 0xb0, 0x40, 0x59, 0x23,
    0xb0, 0x00, 0x50, 0x58, 0x65, 0x59, 0x2d, 0xb0, 0x07, 0x2c, 0xb0, 0x09, 0x43, 0x2b, 0xb2, 0x00,
    0x02, 0x00, 0x43, 0x60, 0x42, 0x2d, 0xb0, 0x08, 0x2c, 0xb0, 0x09, 0x23, 0x42, 0x23, 0x20, 0xb0,
    0x00, 0x23, 0x42, 0x61, 0xb0, 0x02, 0x62, 0x66, 0xb0, 0x01, 0x63, 0xb0, 0x01, 0x60, 0xb0, 0x07,
    0x2a, 0x2d, 0xb0, 0x09, 0x2c, 0x20, 0x20, 0x45, 0x20, 0xb0, 0x0e, 0x43, 0x63, 0xb8, 0x04, 0x00,
    0x62, 0x20, 0xb0, 0x00, 0x50, 0x58, 0xb0, 0x40, 0x60, 0x59, 0x66, 0xb0, 0x01, 0x63, 0x60, 0x44,
    0xb0, 0x01, 0x60, 0x2d, 0xb0, 0x0a, 0x2c, 0xb2, 0x09, 0x0e, 0x00, 0x43, 0x45, 0x42, 0x2a, 0x21,
    0xb2, 0x00, 0x01, 0x00, 0x43, 0x60, 0x42, 0x2d, 0xb0, 0x0b, 0x2c, 0xb0, 0x00, 0x43, 0x23, 0x44,
    0xb2, 0x00, 0x01, 0x00, 0x43, 0x60, 0x42, 0x2d, 0xb0, 0x0c, 0x2c, 0x20, 0x20, 0x45, 0x20, 0xb0,
    0x01, 0x2b, 0x23, 0xb0, 0x00, 0x43, 0xb0, 0x04, 0x25, 0x60, 0x20, 0x45, 0x8a, 0x23, 0x61, 0x20,
    0x64, 0x20, 0xb0, 0x20, 0x50, 0x58, 0x21, 0xb0, 0x00, 0x1b, 0xb0, 0x30, 0x50, 0x58, 0xb0, 0x20,
    0x1b, 0xb0, 0x40, 0x59, 0x59, 0x23, 0xb0, 0x00, 0x50, 0x58, 0x65, 0x59, 0xb0, 0x03, 0x25, 0x23,
    0x61, 0x44, 0x44, 0xb0, 0x01, 0x60, 0x2d, 0xb0, 0x0d, 0x2c, 0x20, 0x20, 0x45, 0x20, 0xb0, 0x01,
    0x2b, 0x23, 0xb0, 0x00, 0x43, 0xb0, 0x04, 0x25, 0x60, 0x20, 0x45, 0x8a, 0x23, 0x61, 0x20, 0x64,
    0xb0, 0x24, 0x50, 0x58, 0xb0, 0x00, 0x1b, 0xb0, 0x40, 0x59, 0x23, 0xb0, 0x00, 0x50, 0x58, 0x65,
    0x59, 0xb0, 0x03, 0x25, 0x23, 0x61, 0x44, 0x44, 0xb0, 0x01, 0x60, 0x2d, 0xb0, 0x0e, 0x2c, 0x20,
    0xb0, 0x00, 0x23, 0x42, 0xb3, 0x0d, 0x0c, 0x00, 0x03, 0x45, 0x50, 0x58, 0x21, 0x1b, 0x23, 0x21,
    0x59, 0x2a, 0x21, 0x2d, 0xb0, 0x0f, 0x2c, 0xb1, 0x02, 0x02, 0x45, 0xb0, 0x64, 0x61, 0x44, 0x2d,
    0xb0, 0x10, 0x2c, 0xb0, 0x01, 0x60, 0x20, 0x20, 0xb0, 0x0f, 0x43, 0x4a, 0xb0, 0x00, 0x50, 0x58,
    0x20, 0xb0, 0x0f, 0x23, 0x42, 0x59, 0xb0, 0x10, 0x43, 0x4a, 0xb0, 0x00, 0x52, 0x58, 0x20, 0xb0,
    0x10, 0x23, 0x42, 0x59, 0x2d, 0xb0, 0x11, 0x2c, 0x20, 0xb0, 0x10, 0x62, 0x66, 0xb0, 0x01, 0x63,
    0x20, 0xb8, 0x04, 0x00, 0x63, 0x8a, 0x23, 0x61, 0xb0, 0x11, 0x43, 0x60, 0x20, 0x8a, 0x60, 0x20,
    0xb0, 0x11, 0x23, 0x42, 0x23, 0x2d, 0xb0, 0x12, 0x2c, 0x4b, 0x54, 0x58, 0xb1, 0x04, 0x64, 0x44,
    0x59, 0x24, 0xb0, 0x0d, 0x65, 0x23, 0x78, 0x2d, 0xb0, 0x13, 0x2c, 0x4b, 0x51, 0x58, 0x4b, 0x53,
    0x58, 0xb1, 0x04, 0x64, 0x44, 0x59, 0x1b, 0x21, 0x59, 0x24, 0xb0, 0x13, 0x65, 0x23, 0x78, 0x2d,
    0xb0, 0x14, 0x2c, 0xb1, 0x00, 0x12, 0x43, 0x55, 0x58, 0xb1, 0x12, 0x12, 0x43, 0xb0, 0x01, 0x61,
    0x42, 0xb0, 0x11, 0x2b, 0x59, 0xb0, 0x00, 0x43, 0xb0, 0x02, 0x25, 0x42, 0xb1, 0x0f, 0x02, 0x25,
    0x42, 0xb1, 0x10, 0x02, 0x25, 0x42, 0xb0, 0x01, 0x16, 0x23, 0x20, 0xb0, 0x03, 0x25, 0x50, 0x58,
    0xb1, 0x01, 0x00, 0x43, 0x60, 0xb0, 0x04, 0x25, 0x42, 0x8a, 0x8a, 0x20, 0x8a, 0x23, 0x61, 0xb0,
    0x10, 0x2a, 0x21, 0x23, 0xb0, 0x01, 0x61, 0x20, 0x8a, 0x23, 0x61, 0xb0, 0x10, 0x2a, 0x21, 0x1b,
    0xb1, 0x01, 0x00, 0x43, 0x60, 0xb0, 0x02, 0x25, 0x42, 0xb0, 0x02, 0x25, 0x61, 0xb0, 0x10, 0x2a,
    0x21, 0x59, 0xb0, 0x0f, 0x43, 0x47, 0xb0, 0x10, 0x43, 0x47, 0x60, 0xb0, 0x02, 0x62, 0x20, 0xb0,
    0x00, 0x50, 0x58, 0xb0, 0x40, 0x60, 0x59, 0x66, 0xb0, 0x01, 0x63, 0x20, 0xb0, 0x0e, 0x43, 0x63,
    0xb8, 0x04, 0x00, 0x62, 0x20, 0xb0, 0x00, 0x50, 0x58, 0xb0, 0x40, 0x60, 0x59, 0x66, 0xb0, 0x01,
    0x63, 0x60, 0xb1, 0x00, 0x00, 0x13, 0x23, 0x44, 0xb0, 0x01, 0x43, 0xb0, 0x00, 0x3e, 0xb2, 0x01,
    0x01, 0x01, 0x43, 0x60, 0x42, 0x2d, 0xb0, 0x15, 0x2c, 0x00, 0xb1, 0x00, 0x02, 0x45, 0x54, 0x58,
    0xb0, 0x12, 0x23, 0x42, 0x20, 0x45, 0xb0, 0x0e, 0x23, 0x42, 0xb0, 0x0d, 0x23, 0xb0, 0x02, 0x60,
    0x42, 0x20, 0x60, 0xb7, 0x18, 0x18, 0x01, 0x00, 0x11, 0x00, 0x13, 0x00, 0x42, 0x42, 0x42, 0x8a,
    0x60, 0x20, 0xb0, 0x14, 0x23, 0x42, 0xb0, 0x01, 0x61, 0xb1, 0x14, 0x08, 0x2b, 0xb0, 0x8b, 0x2b,
    0x1b, 0x22, 0x59, 0x2d, 0xb0, 0x16, 0x2c, 0xb1, 0x00, 0x15, 0x2b, 0x2d, 0xb0, 0x17, 0x2c, 0xb1,
    0x01, 0x15, 0x2b, 0x2d, 0xb0, 0x18, 0x2c, 0xb1, 0x02, 0x15, 0x2b, 0x2d, 0xb0, 0x19, 0x2c, 0xb1,
    0x03, 0x15, 0x2b, 0x2d, 0xb0, 0x1a, 0x2c, 0xb1, 0x04, 0x15, 0x2b, 0x2d, 0xb0, 0x1b, 0x2c, 0xb1,
    0x05, 0x15, 0x2b, 0x2d, 0xb0, 0x1c, 0x2c, 0xb1, 0x06, 0x15, 0x2b, 0x2d, 0xb0, 0x1d, 0x2c, 0xb1,
    0x07, 0x15, 0x2b, 0x2d, 0xb0, 0x1e, 0x2c, 0xb1, 0x08, 0x15, 0x2b, 0x2d, 0xb0, 0x1f, 0x2c, 0xb1,
    0x09, 0x15, 0x2b, 0x2d, 0xb0, 0x2b, 0x2c, 0x23, 0x20, 0xb0, 0x10, 0x62, 0x66, 0xb0, 0x01, 0x63,
    0xb0, 0x06, 0x60, 0x4b, 0x54, 0x58, 0x23, 0x20, 0x2e, 0xb0, 0x01, 0x5d, 0x1b, 0x21, 0x21, 0x59,
    0x2d, 0xb0, 0x2c, 0x2c, 0x23, 0x20, 0xb0, 0x10, 0x62, 0x66, 0xb0, 0x01, 0x63, 0xb0, 0x16, 0x60,
    0x4b, 0x54, 0x58, 0x23, 0x20, 0x2e, 0xb0, 0x01, 0x71, 0x1b, 0x21, 0x21, 0x59, 0x2d, 0xb0, 0x2d,
    0x2c, 0x23, 0x20, 0xb0, 0x10, 0x62, 0x66, 0xb0, 0x01, 0x63, 0xb0, 0x26, 0x60, 0x4b, 0x54, 0x58,
    0x23, 0x20, 0x2e, 0xb0, 0x01, 0x72, 0x1b, 0x21, 0x21, 0x59, 0x2d, 0xb0, 0x20, 0x2c, 0x00, 0xb0,
    0x0f, 0x2b, 0xb1, 0x00, 0x02, 0x45, 0x54, 0x58, 0xb0, 0x12, 0x23, 0x42, 0x20, 0x45, 0xb0, 0x0e,
    0x23, 0x42, 0xb0, 0x0d, 0x23, 0xb0, 0x02, 0x60, 0x42, 0x20, 0x60, 0xb0, 0x01, 0x61, 0xb5, 0x18,
    0x18, 0x01, 0x00, 0x11, 0x00, 0x42, 0x42, 0x8a, 0x60, 0xb1, 0x14, 0x08, 0x2b, 0xb0, 0x8b, 0x2b,
    0x1b, 0x22, 0x59, 0x2d, 0xb0, 0x21, 0x2c, 0xb1, 0x00, 0x20, 0x2b, 0x2d, 0xb0, 0x22, 0x2c, 0xb1,
    0x01, 0x20, 0x2b, 0x2d, 0xb0, 0x23, 0x2c, 0xb1, 0x02, 0x20, 0x2b, 0x2d, 0xb0, 0x24, 0x2c, 0xb1,
    0x03, 0x20, 0x2b, 0x2d, 0xb0, 0x25, 0x2c, 0xb1, 0x04, 0x20, 0x2b, 0x2d, 0xb0, 0x26, 0x2c, 0xb1,
    0x05, 0x20, 0x2b, 0x2d, 0xb0, 0x27, 0x2c, 0xb1, 0x06, 0x20, 0x2b, 0x2d, 0xb0, 0x28, 0x2c, 0xb1,
    0x07, 0x20, 0x2b, 0x2d, 0xb0, 0x29, 0x2c, 0xb1, 0x08, 0x20, 0x2b, 0x2d, 0xb0, 0x2a, 0x2c, 0xb1,
    0x09, 0x20, 0x2b, 0x2d, 0xb0, 0x2e, 0x2c, 0x20, 0x3c, 0xb0, 0x01, 0x60, 0x2d, 0xb0, 0x2f, 0x2c,
    0x20, 0x60, 0xb0, 0x18, 0x60, 0x20, 0x43, 0x23, 0xb0, 0x01, 0x60, 0x43, 0xb0, 0x02, 0x25, 0x61,
    0xb0, 0x01, 0x60, 0xb0, 0x2e, 0x2a, 0x21, 0x2d, 0xb0, 0x30, 0x2c, 0xb0, 0x2f, 0x2b, 0xb0, 0x2f,
    0x2a, 0x2d, 0xb0, 0x31, 0x2c, 0x20, 0x20, 0x47, 0x20, 0x20, 0xb0, 0x0e, 0x43, 0x63, 0xb8, 0x04,
    0x00, 0x62, 0x20, 0xb0, 0x00, 0x50, 0x58, 0xb0, 0x40, 0x60, 0x59, 0x66, 0xb0, 0x01, 0x63, 0x60,
    0x23, 0x61, 0x38, 0x23, 0x20, 0x8a, 0x55, 0x58, 0x20, 0x47, 0x20, 0x20, 0xb0, 0x0e, 0x43, 0x63,
    0xb8, 0x04, 0x00, 0x62, 0x20, 0xb0, 0x00, 0x50, 0x58, 0xb0, 0x40, 0x60, 0x59, 0x66, 0xb0, 0x01,
    0x63, 0x60, 0x23, 0x61, 0x38, 0x1b, 0x21, 0x59, 0x2d, 0xb0, 0x32, 0x2c, 0x00, 0xb1, 0x00, 0x02,
    0x45, 0x54, 0x58, 0xb1, 0x0e, 0x06, 0x45, 0x42, 0xb0, 0x01, 0x16, 0xb0, 0x31, 0x2a, 0xb1, 0x05,
    0x01, 0x15, 0x45, 0x58, 0x30, 0x59, 0x1b, 0x22, 0x59, 0x2d, 0xb0, 0x33, 0x2c, 0x00, 0xb0, 0x0f,
    0x2b, 0xb1, 0x00, 0x02, 0x45, 0x54, 0x58, 0xb1, 0x0e, 0x06, 0x45, 0x42, 0xb0, 0x01, 0x16, 0xb0,
    0x31, 0x2a, 0xb1, 0x05, 0x01, 0x15, 0x45, 0x58, 0x30, 0x59, 0x1b, 0x22, 0x59, 0x2d, 0xb0, 0x34,
    0x2c, 0x20, 0x35, 0xb0, 0x01, 0x60, 0x2d, 0xb0, 0x35, 0x2c, 0x00, 0xb1, 0x0e, 0x06, 0x45, 0x42,
    0xb0, 0x01, 0x45, 0x63, 0xb8, 0x04, 0x00, 0x62, 0x20, 0xb0, 0x00, 0x50, 0x58, 0xb0, 0x40, 0x60,
    0x59, 0x66, 0xb0, 0x01, 0x63, 0xb0, 0x01, 0x2b, 0xb0, 0x0e, 0x43, 0x63, 0xb8, 0x04, 0x00, 0x62,
    0x20, 0xb0, 0x00, 0x50, 0x58, 0xb0, 0x40, 0x60, 0x59, 0x66, 0xb0, 0x01, 0x63, 0xb0, 0x01, 0x2b,
    0xb0, 0x00, 0x16, 0xb4, 0x00, 0x00, 0x00, 0x00, 0x00, 0x44, 0x3e, 0x23, 0x38, 0xb1, 0x34, 0x01,
    0x15, 0x2a, 0x21, 0x2d, 0xb0, 0x36, 0x2c, 0x20, 0x3c, 0x20, 0x47, 0x20, 0xb0, 0x0e, 0x43, 0x63,
    0xb8, 0x04, 0x00, 0x62, 0x20, 0xb0, 0x00, 0x50, 0x58, 0xb0, 0x40, 0x60, 0x59, 0x66, 0xb0, 0x01,
    0x63, 0x60, 0xb0, 0x00, 0x43, 0x61, 0x38, 0x2d, 0xb0, 0x37, 0x2c, 0x2e, 0x17, 0x3c, 0x2d, 0xb0,
    0x38, 0x2c, 0x20, 0x3c, 0x20, 0x47, 0x20, 0xb0, 0x0e, 0x43, 0x63, 0xb8, 0x04, 0x00, 0x62, 0x20,
    0xb0, 0x00, 0x50, 0x58, 0xb0, 0x40, 0x60, 0x59, 0x66, 0xb0, 0x01, 0x63, 0x60, 0xb0, 0x00, 0x43,
    0x61, 0xb0, 0x01, 0x43, 0x63, 0x38, 0x2d, 0xb0, 0x39, 0x2c, 0xb1, 0x02, 0x00, 0x16, 0x25, 0x20,
    0x2e, 0x20, 0x47, 0xb0, 0x00, 0x23, 0x42, 0xb0, 0x02, 0x25, 0x49, 0x8a, 0x8a, 0x47, 0x23, 0x47,
    0x23, 0x61, 0x20, 0x58, 0x62, 0x1b, 0x21, 0x59, 0xb0, 0x01, 0x23, 0x42, 0xb2, 0x38, 0x01, 0x01,
    0x15, 0x14, 0x2a, 0x2d, 0xb0, 0x3a, 0x2c, 0xb0, 0x00, 0x16, 0xb0, 0x17, 0x23, 0x42, 0xb0, 0x04,
    0x25, 0xb0, 0x04, 0x25, 0x47, 0x23, 0x47, 0x23, 0x61, 0xb1, 0x0c, 0x00, 0x42, 0xb0, 0x0b, 0x43,
    0x2b, 0x65, 0x8a, 0x2e, 0x23, 0x20, 0x20, 0x3c, 0x8a, 0x38, 0x2d, 0xb0, 0x3b, 0x2c, 0xb0, 0x00,
    0x16, 0xb0, 0x17, 0x23, 0x42, 0xb0, 0x04, 0x25, 0xb0, 0x04, 0x25, 0x20, 0x2e, 0x47, 0x23, 0x47,
    0x23, 0x61, 0x20, 0xb0, 0x06, 0x23, 0x42, 0xb1, 0x0c, 0x00, 0x42, 0xb0, 0x0b, 0x43, 0x2b, 0x20,
    0xb0, 0x60, 0x50, 0x58, 0x20, 0xb0, 0x40, 0x51, 0x58, 0xb3, 0x04, 0x20, 0x05, 0x20, 0x1b, 0xb3,
    0x04, 0x26, 0x05, 0x1a, 0x59, 0x42, 0x42, 0x23, 0x20, 0xb0, 0x0a, 0x43, 0x20, 0x8a, 0x23, 0x47,
    0x23, 0x47, 0x23, 0x61, 0x23, 0x46, 0x60, 0xb0, 0x06, 0x43, 0xb0, 0x02, 0x62, 0x20, 0xb0, 0x00,
    0x50, 0x58, 0xb0, 0x40, 0x60, 0x59, 0x66, 0xb0, 0x01, 0x63, 0x60, 0x20, 0xb0, 0x01, 0x2b, 0x20,
    0x8a, 0x8a, 0x61, 0x20, 0xb0, 0x04, 0x43, 0x60, 0x64, 0x23, 0xb0, 0x05, 0x43, 0x61, 0x64, 0x50,
    0x58, 0xb0, 0x04, 0x43, 0x61, 0x1b, 0xb0, 0x05, 0x43, 0x60, 0x59, 0xb0, 0x03, 0x25, 0xb0, 0x02,
    0x62, 0x20, 0xb0, 0x00, 0x50, 0x58, 0xb0, 0x40, 0x60, 0x59, 0x66, 0xb0, 0x01, 0x63, 0x61, 0x23,
    0x20, 0x20, 0xb0, 0x04, 0x26, 0x23, 0x46, 0x61, 0x38, 0x1b, 0x23, 0xb0, 0x0a, 0x43, 0x46, 0xb0,
    0x02, 0x25, 0xb0, 0x0a, 0x43, 0x47, 0x23, 0x47, 0x23, 0x61, 0x60, 0x20, 0xb0, 0x06, 0x43, 0xb0,
    0x02, 0x62, 0x20, 0xb0, 0x00, 0x50, 0x58, 0xb0, 0x40, 0x60, 0x59, 0x66, 0xb0, 0x01, 0x63, 0x60,
    0x23, 0x20, 0xb0, 0x01, 0x2b, 0x23, 0xb0, 0x06, 0x43, 0x60, 0xb0, 0x01, 0x2b, 0xb0, 0x05, 0x25,
    0x61, 0xb0, 0x05, 0x25, 0xb0, 0x02, 0x62, 0x20, 0xb0, 0x00, 0x50, 0x58, 0xb0, 0x40, 0x60, 0x59,
    0x66, 0xb0, 0x01, 0x63, 0xb0, 0x04, 0x26, 0x61, 0x20, 0xb0, 0x04, 0x25, 0x60, 0x64, 0x23, 0xb0,
    0x03, 0x25, 0x60, 0x64, 0x50, 0x58, 0x21, 0x1b, 0x23, 0x21, 0x59, 0x23, 0x20, 0x20, 0xb0, 0x04,
    0x26, 0x23, 0x46, 0x61, 0x38, 0x59, 0x2d, 0xb0, 0x3c, 0x2c, 0xb0, 0x00, 0x16, 0xb0, 0x17, 0x23,
    0x42, 0x20, 0x20, 0x20, 0xb0, 0x05, 0x26, 0x20, 0x2e, 0x47, 0x23, 0x47, 0x23, 0x61, 0x23, 0x3c,
    0x38, 0x2d, 0xb0, 0x3d, 0x2c, 0xb0, 0x00, 0x16, 0xb0, 0x17, 0x23, 0x42, 0x20, 0xb0, 0x0a, 0x23,
    0x42, 0x20, 0x20, 0x20, 0x46, 0x23, 0x47, 0xb0, 0x01, 0x2b, 0x23, 0x61, 0x38, 0x2d, 0xb0, 0x3e,
    0x2c, 0xb0, 0x00, 0x16, 0xb0, 0x17, 0x23, 0x42, 0xb0, 0x03, 0x25, 0xb0, 0x02, 0x25, 0x47, 0x23,
    0x47, 0x23, 0x61, 0xb0, 0x00, 0x54, 0x58, 0x2e, 0x20, 0x3c, 0x23, 0x21, 0x1b, 0xb0, 0x02, 0x25,
    0xb0, 0x02, 0x25, 0x47, 0x23, 0x47, 0x23, 0x61, 0x20, 0xb0, 0x05, 0x25, 0xb0, 0x04, 0x25, 0x47,
    0x23, 0x47, 0x23, 0x61, 0xb0, 0x06, 0x25, 0xb0, 0x05, 0x25, 0x49, 0xb0, 0x02, 0x25, 0x61, 0xb9,
    0x08, 0x00, 0x08, 0x00, 0x63, 0x63, 0x23, 0x20, 0x58, 0x62, 0x1b, 0x21, 0x59, 0x63, 0xb8, 0x04,
    0x00, 0x62, 0x20, 0xb0, 0x00, 0x50, 0x58, 0xb0, 0x40, 0x60, 0x59, 0x66, 0xb0, 0x01, 0x63, 0x60,
    0x23, 0x2e, 0x23, 0x20, 0x20, 0x3c, 0x8a, 0x38, 0x23, 0x21, 0x59, 0x2d, 0xb0, 0x3f, 0x2c, 0xb0,
    0x00, 0x16, 0xb0, 0x17, 0x23, 0x42, 0x20, 0xb0, 0x0a, 0x43, 0x20, 0x2e, 0x47, 0x23, 0x47, 0x23,
    0x61, 0x20, 0x60, 0xb0, 0x20, 0x60, 0x66, 0xb0, 0x02, 0x62, 0x20, 0xb0, 0x00, 0x50, 0x58, 0xb0,
    0x40, 0x60, 0x59, 0x66, 0xb0, 0x01, 0x63, 0x23, 0x20, 0x20, 0x3c, 0x8a, 0x38, 0x2d, 0xb0, 0x40,
    0x2c, 0x23, 0x20, 0x2e, 0x46, 0xb0, 0x02, 0x25, 0x46, 0xb0, 0x17, 0x43, 0x58, 0x50, 0x1b, 0x52,
    0x59, 0x58, 0x20, 0x3c, 0x59, 0x2e, 0xb1, 0x30, 0x01, 0x14, 0x2b, 0x2d, 0xb0, 0x41, 0x2c, 0x23,
    0x20, 0x2e, 0x46, 0xb0, 0x02, 0x25, 0x46, 0xb0, 0x17, 0x43, 0x58, 0x52, 0x1b, 0x50, 0x59, 0x58,
    0x20, 0x3c, 0x59, 0x2e, 0xb1, 0x30, 0x01, 0x14, 0x2b, 0x2d, 0xb0, 0x42, 0x2c, 0x23, 0x20, 0x2e,
    0x46, 0xb0, 0x02, 0x25, 0x46, 0xb0, 0x17, 0x43, 0x58, 0x50, 0x1b, 0x52, 0x59, 0x58, 0x20, 0x3c,
    0x59, 0x23, 0x20, 0x2e, 0x46, 0xb0, 0x02, 0x25, 0x46, 0xb0, 0x17, 0x43, 0x58, 0x52, 0x1b, 0x50,
    0x59, 0x58, 0x20, 0x3c, 0x59, 0x2e, 0xb1, 0x30, 0x01, 0x14, 0x2b, 0x2d, 0xb0, 0x43, 0x2c, 0xb0,
    0x3a, 0x2b, 0x23, 0x20, 0x2e, 0x46, 0xb0, 0x02, 0x25, 0x46, 0xb0, 0x17, 0x43, 0x58, 0x50, 0x1b,
    0x52, 0x59, 0x58, 0x20, 0x3c, 0x59, 0x2e, 0xb1, 0x30, 0x01, 0x14, 0x2b, 0x2d, 0xb0, 0x44, 0x2c,
    0xb0, 0x3b, 0x2b, 0x8a, 0x20, 0x20, 0x3c, 0xb0, 0x06, 0x23, 0x42, 0x8a, 0x38, 0x23, 0x20, 0x2e,
    0x46, 0xb0, 0x02, 0x25, 0x46, 0xb0, 0x17, 0x43, 0x58, 0x50, 0x1b, 0x52, 0x59, 0x58, 0x20, 0x3c,
    0x59, 0x2e, 0xb1, 0x30, 0x01, 0x14, 0x2b, 0xb0, 0x06, 0x43, 0x2e, 0xb0, 0x30, 0x2b, 0x2d, 0xb0,
    0x45, 0x2c, 0xb0, 0x00, 0x16, 0xb0, 0x04, 0x25, 0xb0, 0x04, 0x26, 0x20, 0x20, 0x20, 0x46, 0x23,
    0x47, 0x61, 0xb0, 0x0c, 0x23, 0x42, 0x2e, 0x47, 0x23, 0x47, 0x23, 0x61, 0xb0, 0x0b, 0x43, 0x2b,
    0x23, 0x20, 0x3c, 0x20, 0x2e, 0x23, 0x38, 0xb1, 0x30, 0x01, 0x14, 0x2b, 0x2d, 0xb0, 0x46, 0x2c,
    0xb1, 0x0a, 0x04, 0x25, 0x42, 0xb0, 0x00, 0x16, 0xb0, 0x04, 0x25, 0xb0, 0x04, 0x25, 0x20, 0x2e,
    0x47, 0x23, 0x47, 0x23, 0x61, 0x20, 0xb0, 0x06, 0x23, 0x42, 0xb1, 0x0c, 0x00, 0x42, 0xb0, 0x0b,
    0x43, 0x2b, 0x20, 0xb0, 0x60, 0x50, 0x58, 0x20, 0xb0, 0x40, 0x51, 0x58, 0xb3, 0x04, 0x20, 0x05,
    0x20, 0x1b, 0xb3, 0x04, 0x26, 0x05, 0x1a, 0x59, 0x42, 0x42, 0x23, 0x20, 0x47, 0xb0, 0x06, 0x43,
    0xb0, 0x02, 0x62, 0x20, 0xb0, 0x00, 0x50, 0x58, 0xb0, 0x40, 0x60, 0x59, 0x66, 0xb0, 0x01, 0x63,
    0x60, 0x20, 0xb0, 0x01, 0x2b, 0x20, 0x8a, 0x8a, 0x61, 0x20, 0xb0, 0x04, 0x43, 0x60, 0x64, 0x23,
    0xb0, 0x05, 0x43, 0x61, 0x64, 0x50, 0x58, 0xb0, 0x04, 0x43, 0x61, 0x1b, 0xb0, 0x05, 0x43, 0x60,
    0x59, 0xb0, 0x03, 0x25, 0xb0, 0x02, 0x62, 0x20, 0xb0, 0x00, 0x50, 0x58, 0xb0, 0x40, 0x60, 0x59,
    0x66, 0xb0, 0x01, 0x63, 0x61, 0xb0, 0x02, 0x25, 0x46, 0x61, 0x38, 0x23, 0x20, 0x3c, 0x23, 0x38,
    0x1b, 0x21, 0x20, 0x20, 0x46, 0x23, 0x47, 0xb0, 0x01, 0x2b, 0x23, 0x61, 0x38, 0x21, 0x59, 0xb1,
    0x30, 0x01, 0x14, 0x2b, 0x2d, 0xb0, 0x47, 0x2c, 0xb1, 0x00, 0x3a, 0x2b, 0x2e, 0xb1, 0x30, 0x01,
    0x14, 0x2b, 0x2d, 0xb0, 0x48, 0x2c, 0xb1, 0x00, 0x3b, 0x2b, 0x21, 0x23, 0x20, 0x20, 0x3c, 0xb0,
    0x06, 0x23, 0x42, 0x23, 0x38, 0xb1, 0x30, 0x01, 0x14, 0x2b, 0xb0, 0x06, 0x43, 0x2e, 0xb0, 0x30,
    0x2b, 0x2d, 0xb0, 0x49, 0x2c, 0xb0, 0x00, 0x15, 0x20, 0x47, 0xb0, 0x00, 0x23, 0x42, 0xb2, 0x00,
    0x01, 0x01, 0x15, 0x14, 0x13, 0x2e, 0xb0, 0x36, 0x2a, 0x2d, 0xb0, 0x4a, 0x2c, 0xb0, 0x00, 0x15,
    0x20, 0x47, 0xb0, 0x00, 0x23, 0x42, 0xb2, 0x00, 0x01, 0x01, 0x15, 0x14, 0x13, 0x2e, 0xb0, 0x36,
    0x2a, 0x2d, 0xb0, 0x4b, 0x2c, 0xb1, 0x00, 0x01, 0x14, 0x13, 0xb0, 0x37, 0x2a, 0x2d, 0xb0, 0x4c,
    0x2c, 0xb0, 0x39, 0x2a, 0x2d, 0xb0, 0x4d, 0x2c, 0xb0, 0x00, 0x16, 0x45, 0x23, 0x20, 0x2e, 0x20,
    0x46, 0x8a, 0x23, 0x61, 0x38, 0xb1, 0x30, 0x01, 0x14, 0x2b, 0x2d, 0xb0, 0x4e, 0x2c, 0xb0, 0x0a,
    0x23, 0x42, 0xb0, 0x4d, 0x2b, 0x2d, 0xb0, 0x4f, 0x2c, 0xb2, 0x00, 0x00, 0x46, 0x2b, 0x2d, 0xb0,
    0x50, 0x2c, 0xb2, 0x00, 0x01, 0x46, 0x2b, 0x2d, 0xb0, 0x51, 0x2c, 0xb2, 0x01, 0x00, 0x46, 0x2b,
    0x2d, 0xb0, 0x52, 0x2c, 0xb2, 0x01, 0x01, 0x46, 0x2b, 0x2d, 0xb0, 0x53, 0x2c, 0xb2, 0x00, 0x00,
    0x47, 0x2b, 0x2d, 0xb0, 0x54, 0x2c, 0xb2, 0x00, 0x01, 0x47, 0x2b, 0x2d, 0xb0, 0x55, 0x2c, 0xb2,
    0x01, 0x00, 0x47, 0x2b, 0x2d, 0xb0, 0x56, 0x2c, 0xb2, 0x01, 0x01, 0x47, 0x2b, 0x2d, 0xb0, 0x57,
    0x2c, 0xb3, 0x00, 0x00, 0x00, 0x43, 0x2b, 0x2d, 0xb0, 0x58, 0x2c, 0xb3, 0x00, 0x01, 0x00, 0x43,
    0x2b, 0x2d, 0xb0, 0x59, 0x2c, 0xb3, 0x01, 0x00, 0x00, 0x43, 0x2b, 0x2d, 0xb0, 0x5a, 0x2c, 0xb3,
    0x01, 0x01, 0x00, 0x43, 0x2b, 0x2d, 0xb0, 0x5b, 0x2c, 0xb3, 0x00, 0x00, 0x01, 0x43, 0x2b, 0x2d,
    0xb0, 0x5c, 0x2c, 0xb3, 0x00, 0x01, 0x01, 0x43, 0x2b, 0x2d, 0xb0, 0x5d, 0x2c, 0xb3, 0x01, 0x00,
    0x01, 0x43, 0x2b, 0x2d, 0xb0, 0x5e, 0x2c, 0xb3, 0x01, 0x01, 0x01, 0x43, 0x2b, 0x2d, 0xb0, 0x5f,
    0x2c, 0xb2, 0x00, 0x00, 0x45, 0x2b, 0x2d, 0xb0, 0x60, 0x2c, 0xb2, 0x00, 0x01, 0x45, 0x2b, 0x2d,
    0xb0, 0x61, 0x2c, 0xb2, 0x01, 0x00, 0x45, 0x2b, 0x2d, 0xb0, 0x62, 0x2c, 0xb2, 0x01, 0x01, 0x45,
    0x2b, 0x2d, 0xb0, 0x63, 0x2c, 0xb2, 0x00, 0x00, 0x48, 0x2b, 0x2d, 0xb0, 0x64, 0x2c, 0xb2, 0x00,
    0x01, 0x48, 0x2b, 0x2d, 0xb0, 0x65, 0x2c, 0xb2, 0x01, 0x00, 0x48, 0x2b, 0x2d, 0xb0, 0x66, 0x2c,
    0xb2, 0x01, 0x01, 0x48, 0x2b, 0x2d, 0xb0, 0x67, 0x2c, 0xb3, 0x00, 0x00, 0x00, 0x44, 0x2b, 0x2d,
    0xb0, 0x68, 0x2c, 0xb3, 0x00, 0x01, 0x00, 0x44, 0x2b, 0x2d, 0xb0, 0x69, 0x2c, 0xb3, 0x01, 0x00,
    0x00, 0x44, 0x2b, 0x2d, 0xb0, 0x6a, 0x2c, 0xb3, 0x01, 0x01, 0x00, 0x44, 0x2b, 0x2d, 0xb0, 0x6b,
    0x2c, 0xb3, 0x00, 0x00, 0x01, 0x44, 0x2b, 0x2d, 0xb0, 0x6c, 0x2c, 0xb3, 0x00, 0x01, 0x01, 0x44,
    0x2b, 0x2d, 0xb0, 0x6d, 0x2c, 0xb3, 0x01, 0x00, 0x01, 0x44, 0x2b, 0x2d, 0xb0, 0x6e, 0x2c, 0xb3,
    0x01, 0x01, 0x01, 0x44, 0x2b, 0x2d, 0xb0, 0x6f, 0x2c, 0xb1, 0x00, 0x3c, 0x2b, 0x2e, 0xb1, 0x30,
    0x01, 0x14, 0x2b, 0x2d, 0xb0, 0x70, 0x2c, 0xb1, 0x00, 0x3c, 0x2b, 0xb0, 0x40, 0x2b, 0x2d, 0xb0,
    0x71, 0x2c, 0xb1, 0x00, 0x3c, 0x2b, 0xb0, 0x41, 0x2b, 0x2d, 0xb0, 0x72, 0x2c, 0xb0, 0x00, 0x16,
    0xb1, 0x00, 0x3c, 0x2b, 0xb0, 0x42, 0x2b, 0x2d, 0xb0, 0x73, 0x2c, 0xb1, 0x01, 0x3c, 0x2b, 0xb0,
    0x40, 0x2b, 0x2d, 0xb0, 0x74, 0x2c, 0xb1, 0x01, 0x3c, 0x2b, 0xb0, 0x41, 0x2b, 0x2d, 0xb0, 0x75,
    0x2c, 0xb0, 0x00, 0x16, 0xb1, 0x01, 0x3c, 0x2b, 0xb0, 0x42, 0x2b, 0x2d, 0xb0, 0x76, 0x2c, 0xb1,
    0x00, 0x3d, 0x2b, 0x2e, 0xb1, 0x30, 0x01, 0x14, 0x2b, 0x2d, 0xb0, 0x77, 0x2c, 0xb1, 0x00, 0x3d,
    0x2b, 0xb0, 0x40, 0x2b, 0x2d, 0xb0, 0x78, 0x2c, 0xb1, 0x00, 0x3d, 0x2b, 0xb0, 0x41, 0x2b, 0x2d,
    0xb0, 0x79, 0x2c, 0xb1, 0x00, 0x3d, 0x2b, 0xb0, 0x42, 0x2b, 0x2d, 0xb0, 0x7a, 0x2c, 0xb1, 0x01,
    0x3d, 0x2b, 0xb0, 0x40, 0x2b, 0x2d, 0xb0, 0x7b, 0x2c, 0xb1, 0x01, 0x3d, 0x2b, 0xb0, 0x41, 0x2b,
    0x2d, 0xb0, 0x7c, 0x2c, 0xb1, 0x01, 0x3d, 0x2b, 0xb0, 0x42, 0x2b, 0x2d, 0xb0, 0x7d, 0x2c, 0xb1,
    0x00, 0x3e, 0x2b, 0x2e, 0xb1, 0x30, 0x01, 0x14, 0x2b, 0x2d, 0xb0, 0x7e, 0x2c, 0xb1, 0x00, 0x3e,
    0x2b, 0xb0, 0x40, 0x2b, 0x2d, 0xb0, 0x7f, 0x2c, 0xb1, 0x00, 0x3e, 0x2b, 0xb0, 0x41, 0x2b, 0x2d,
    0xb0, 0x80, 0x2c, 0xb1, 0x00, 0x3e, 0x2b, 0xb0, 0x42, 0x2b, 0x2d, 0xb0, 0x81, 0x2c, 0xb1, 0x01,
    0x3e, 0x2b, 0xb0, 0x40, 0x2b, 0x2d, 0xb0, 0x82, 0x2c, 0xb1, 0x01, 0x3e, 0x2b, 0xb0, 0x41, 0x2b,
    0x2d, 0xb0, 0x83, 0x2c, 0xb1, 0x01, 0x3e, 0x2b, 0xb0, 0x42, 0x2b, 0x2d, 0xb0, 0x84, 0x2c, 0xb1,
    0x00, 0x3f, 0x2b, 0x2e, 0xb1, 0x30, 0x01, 0x14, 0x2b, 0x2d, 0xb0, 0x85, 0x2c, 0xb1, 0x00, 0x3f,
    0x2b, 0xb0, 0x40, 0x2b, 0x2d, 0xb0, 0x86, 0x2c, 0xb1, 0x00, 0x3f, 0x2b, 0xb0, 0x41, 0x2b, 0x2d,
    0xb0, 0x87, 0x2c, 0xb1, 0x00, 0x3f, 0x2b, 0xb0, 0x42, 0x2b, 0x2d, 0xb0, 0x88, 0x2c, 0xb1, 0x01,
    0x3f, 0x2b, 0xb0, 0x40, 0x2b, 0x2d, 0xb0, 0x89, 0x2c, 0xb1, 0x01, 0x3f, 0x2b, 0xb0, 0x41, 0x2b,
    0x2d, 0xb0, 0x8a, 0x2c, 0xb1, 0x01, 0x3f, 0x2b, 0xb0, 0x42, 0x2b, 0x2d, 0xb0, 0x8b, 0x2c, 0xb2,
    0x0b, 0x00, 0x03, 0x45, 0x50, 0x58, 0xb0, 0x06, 0x1b, 0xb2, 0x04, 0x02, 0x03, 0x45, 0x58, 0x23,
    0x21, 0x1b, 0x21, 0x59, 0x59, 0x42, 0x2b, 0xb0, 0x08, 0x65, 0xb0, 0x03, 0x24, 0x50, 0x78, 0xb1,
    0x05, 0x01, 0x15, 0x45, 0x58, 0x30, 0x59, 0x2d, 0x00, 0x4b, 0xb8, 0x00, 0xc8, 0x52, 0x58, 0xb1,
    0x01, 0x01, 0x8e, 0x59, 0xb0, 0x01, 0xb9, 0x08, 0x00, 0x08, 0x00, 0x63, 0x70, 0xb1, 0x00, 0x07,
    0x42, 0xb3, 0x00, 0x1e, 0x02, 0x00, 0x2a, 0xb1, 0x00, 0x07, 0x42, 0xb5, 0x23, 0x04, 0x11, 0x0a,
    0x02, 0x0a, 0x2a, 0xb1, 0x00, 0x07, 0x42, 0xb5, 0x27, 0x02, 0x1b, 0x06, 0x02, 0x0a, 0x2a, 0xb1,
    0x00, 0x09, 0x42, 0xbb, 0x09, 0x00, 0x04, 0x80, 0x00, 0x02, 0x00, 0x0b, 0x2a, 0xb1, 0x00, 0x0b,
    0x42, 0xbb, 0x00, 0x40, 0x00, 0xc0, 0x00, 0x02, 0x00, 0x0b, 0x2a, 0xb9, 0x00, 0x03, 0x00, 0x00,
    0x44, 0xb1, 0x24, 0x01, 0x88, 0x51, 0x58, 0xb0, 0x40, 0x88, 0x58, 0xb9, 0x00, 0x03, 0x00, 0x64,
    0x44, 0xb1, 0x28, 0x01, 0x88, 0x51, 0x58, 0xb8, 0x08, 0x00, 0x88, 0x58, 0xb9, 0x00, 0x03, 0x00,
    0x00, 0x44, 0x59, 0x1b, 0xb1, 0x27, 0x01, 0x88, 0x51, 0x58, 0xba, 0x08, 0x80, 0x00, 0x01, 0x04,
    0x40, 0x88, 0x63, 0x54, 0x58, 0xb9, 0x00, 0x03, 0x00, 0x00, 0x44, 0x59, 0x59, 0x59, 0x59, 0x59,
    0xb5, 0x25, 0x02, 0x15, 0x06, 0x02, 0x0e, 0x2a, 0xb8, 0x01, 0xff, 0x85, 0xb0, 0x04, 0x8d, 0xb1,
    0x02, 0x00, 0x44, 0xb3, 0x05, 0x64, 0x06, 0x00, 0x44, 0x44, 0x00, 0x00, 0x00, 0x00, 0x00, 0x00,
    0x00, 0x00, 0x00, 0x00, 0x00, 0x00, 0x00, 0x00, 0x00, 0x00, 0x00, 0x00, 0x00, 0x00, 0x00, 0x00,
    0x00, 0x00, 0x00, 0x00, 0x00, 0x00, 0x00, 0x7d, 0x00, 0x7d, 0x00, 0xfa, 0x00, 0x3e, 0x00, 0x82,
    0x00, 0x82, 0x01, 0x77, 0x00, 0x5d, 0x02, 0x71, 0x00, 0x00, 0x02, 0x71, 0x02, 0x71, 0x00, 0x00,
    0x00, 0x00, 0x02, 0x71, 0x00, 0x00, 0x02, 0x71, 0x02, 0x71, 0x00, 0x00, 0x00, 0x00, 0x00, 0x18,
    0x00, 0x18, 0x00, 0x18, 0x00, 0x18, 0x02, 0x71, 0x00, 0x7d, 0x02, 0x71, 0x00, 0x7d, 0x00, 0x00,
    0x00, 0x00, 0x00, 0x28, 0x00, 0x5c, 0x00, 0x67, 0x00, 0xbc, 0x01, 0x0d, 0x01, 0x18, 0x01, 0x70,
    0x01, 0x7b, 0x01, 0xde, 0x02, 0x19, 0x02, 0x61, 0x02, 0x6c, 0x02, 0x9b, 0x02, 0xda, 0x03, 0x06,
    0x03, 0x11, 0x03, 0x1c, 0x03, 0x2d, 0x03, 0x38, 0x03, 0x5f, 0x03, 0xa9, 0x03, 0xd1, 0x03, 0xea,
    0x03, 0xf5, 0x04, 0x00, 0x04, 0x11, 0x04, 0x1c, 0x04, 0x4f, 0x04, 0x9d, 0x04, 0xbb, 0x04, 0xf9,
    0x05, 0x34, 0x05, 0x3f, 0x05, 0x74, 0x05, 0x7f, 0x05, 0x8a, 0x05, 0x9b, 0x05, 0xa6, 0x06, 0x14,
    0x06, 0x1f, 0x06, 0x5d, 0x06, 0x8f, 0x06, 0xc4, 0x07, 0x03, 0x07, 0x60, 0x07, 0xac, 0x08, 0x17,
    0x08, 0x38, 0x08, 0x66, 0x08, 0x71, 0x08, 0x7c, 0x08, 0x8d, 0x08, 0x98, 0x08, 0xda, 0x09, 0x1e,
    0x09, 0x84, 0x09, 0xc7, 0x09, 0xd3, 0x09, 0xe4, 0x0a, 0x45, 0x0a, 0xce, 0x0b, 0x02, 0x0b, 0x0d,
    0x0b, 0x62, 0x0b, 0xb3, 0x0b, 0xbe, 0x0c, 0x16, 0x0c, 0x21, 0x0c, 0x84, 0x0c, 0x9f, 0x0c, 0xe7,
    0x0c, 0xf2, 0x0d, 0x21, 0x0d, 0x60, 0x0d, 0x8c, 0x0d, 0x97, 0x0d, 0xa2, 0x0d, 0xb3, 0x0d, 0xbe,
    0x0d, 0xe5, 0x0e, 0x2f, 0x0e, 0x57, 0x0e, 0x70, 0x0e, 0xa1, 0x0e, 0xd7, 0x0f, 0x09, 0x0f, 0x3a,
    0x0f, 0x6d, 0x0f, 0xbb, 0x0f, 0xd9, 0x10, 0x17, 0x10, 0x52, 0x10, 0x5d, 0x10, 0x92, 0x10, 0x9d,
    0x10, 0xf2, 0x11, 0x43, 0x11, 0x4e, 0x11, 0xbc, 0x11, 0xc7, 0x12, 0x05, 0x12, 0x37, 0x12, 0x6c,
    0x12, 0xab, 0x13, 0x08, 0x13, 0x54, 0x13, 0xbf, 0x14, 0x04, 0x14, 0x25, 0x14, 0x53, 0x14, 0x5e,
    0x14, 0xab, 0x14, 0xf5, 0x15, 0x00, 0x15, 0x42, 0x15, 0x86, 0x15, 0xec, 0x16, 0x2f, 0x16, 0x3b,
    0x16, 0x4c, 0x16, 0xad, 0x17, 0x36, 0x17, 0x65, 0x17, 0x97, 0x17, 0xcc, 0x17, 0xf2, 0x18, 0x58,
    0x18, 0xa3, 0x18, 0xce, 0x19, 0x0b, 0x19, 0x4a, 0x19, 0x94, 0x19, 0xe2, 0x1a, 0x22, 0x1a, 0x40,
    0x1a, 0x8d, 0x1a, 0xd4, 0x1b, 0x36, 0x1b, 0x95, 0x1b, 0xfc, 0x1b, 0xfc, 0x1b, 0xfc, 0x1b, 0xfc,
    0x1b, 0xfc, 0x1c, 0x14, 0x1c, 0x39, 0x1c, 0x62, 0x1c, 0x97, 0x1c, 0xc5, 0x1c, 0xed, 0x1d, 0x16,
    0x1d, 0x57, 0x1d, 0x98, 0x1d, 0xb3, 0x1d, 0xce, 0x1e, 0x1a, 0x1e, 0x66, 0x1e, 0x9c, 0x1e, 0xc7,
    0x1e, 0xe2, 0x1e, 0xeb, 0x1f, 0x06, 0x1f, 0x21, 0x1f, 0x40, 0x1f, 0x73, 0x1f, 0xa4, 0x1f, 0xf7,
    0x20, 0x4a, 0x20, 0x6d, 0x20, 0x90, 0x20, 0xb5, 0x20, 0xd8, 0x20, 0xfc, 0x21, 0x20, 0x21, 0x39,
    0x21, 0x52, 0x21, 0x99, 0x21, 0xe0, 0x22, 0x0d, 0x22, 0x3a, 0x22, 0x5e, 0x22, 0x77, 0x22, 0xab,
    0x22, 0xf7, 0x23, 0x6b, 0x23, 0xad, 0x24, 0x07, 0x24, 0x5d, 0x24, 0xb2, 0x24, 0xed, 0x25, 0x26,
    0x25, 0x42, 0x25, 0x6a, 0x25, 0x92, 0x25, 0xc8, 0x25, 0xf8, 0x26, 0x70, 0x26, 0xec, 0x27, 0x44,
    0x27, 0x75, 0x27, 0xb8, 0x27, 0xdf, 0x28, 0x1c, 0x28, 0x52, 0x28, 0x7d, 0x28, 0xc5, 0x29, 0x0f,
    0x29, 0x3d, 0x29, 0x74, 0x29, 0xa6, 0x29, 0xd5, 0x2a, 0x09, 0x2a, 0x4c, 0x2a, 0x9a, 0x2a, 0xc5,
    0x2a, 0xed, 0x2b, 0x15, 0x2b, 0x44, 0x2b, 0x7b, 0x2b, 0x9b, 0x2b, 0xc8, 0x2b, 0xd0, 0x2b, 0xd8,
    0x2b, 0xe0, 0x2b, 0xe8, 0x2b, 0xf0, 0x2b, 0xf8, 0x2c, 0x00, 0x00, 0x00, 0x00, 0x02, 0x00, 0x7d,
    0x00, 0x00, 0x01, 0xf4, 0x02, 0x71, 0x00, 0x03, 0x00, 0x07, 0x00, 0x2a, 0x40, 0x27, 0x00, 0x00,
    0x00, 0x03, 0x02, 0x00, 0x03, 0x67, 0x00, 0x02, 0x01, 0x01, 0x02, 0x57, 0x00, 0x02, 0x02, 0x01,
    0x5f, 0x04, 0x01, 0x01, 0x02, 0x01, 0x4f, 0x00, 0x00, 0x07, 0x06, 0x05, 0x04, 0x00, 0x03, 0x00,
    0x03, 0x11, 0x05, 0x06, 0x17, 0x2b, 0x33, 0x11, 0x21, 0x11, 0x27, 0x33, 0x11, 0x23, 0x7d, 0x01,
    0x77, 0xfa, 0x7d, 0x7d, 0x02, 0x71, 0xfd, 0x8f, 0x7d, 0x01, 0x77, 0x00, 0x00, 0x02, 0x00, 0x7d,
    0x00, 0x00, 0x02, 0x71, 0x02, 0x71, 0x00, 0x0b, 0x00, 0x0f, 0x00, 0x35, 0x40, 0x32, 0x00, 0x06,
    0x00, 0x04, 0x03, 0x06, 0x04, 0x67, 0x00, 0x07, 0x07, 0x01, 0x5f, 0x00, 0x01, 0x01, 0x15, 0x4d,
    0x02, 0x01, 0x00, 0x00, 0x03, 0x5f, 0x08, 0x05, 0x02, 0x03, 0x03, 0x16, 0x03, 0x4e, 0x00, 0x00,
    0x0f, 0x0e, 0x0d, 0x0c, 0x00, 0x0b, 0x00, 0x0b, 0x11, 0x11, 0x11, 0x11, 0x11, 0x09, 0x07, 0x1b,
    0x2b, 0x33, 0x11, 0x33, 0x35, 0x33, 0x15, 0x33, 0x11, 0x23, 0x35, 0x23, 0x15, 0x11, 0x33, 0x35,
    0x23, 0x7d, 0x7d, 0xfa, 0x7d, 0x7d, 0xfa, 0xfa, 0xfa, 0x01, 0xf4, 0x7d, 0x7d, 0xfe, 0x0c, 0xfa,
    0xfa, 0x01, 0x77, 0x78, 0xff, 0xff, 0x00, 0x7d, 0x00, 0x00, 0x02, 0x71, 0x03, 0xe8, 0x02, 0x26,
    0x00, 0x01, 0x00, 0x00, 0x00, 0x06, 0x00, 0xd8, 0x7d, 0x00, 0x00, 0x03, 0x00, 0x7d, 0x00, 0x00,
    0x02, 0x71, 0x03, 0xe8, 0x00, 0x0b, 0x00, 0x17, 0x00, 0x1b, 0x00, 0x58, 0x40, 0x55, 0x00, 0x01,
    0x00, 0x04, 0x00, 0x01, 0x04, 0x67, 0x02, 0x01, 0x00, 0x0e, 0x05, 0x02, 0x03, 0x07, 0x00, 0x03,
    0x67, 0x00, 0x0c, 0x00, 0x0a, 0x09, 0x0c, 0x0a, 0x67, 0x00, 0x0d, 0x0d, 0x07, 0x5f, 0x00, 0x07,
    0x07, 0x15, 0x4d, 0x08, 0x01, 0x06, 0x06, 0x09, 0x5f, 0x0f, 0x0b, 0x02, 0x09, 0x09, 0x16, 0x09,
    0x4e, 0x0c, 0x0c, 0x00, 0x00, 0x1b, 0x1a, 0x19, 0x18, 0x0c, 0x17, 0x0c, 0x17, 0x16, 0x15, 0x14,
    0x13, 0x12, 0x11, 0x10, 0x0f, 0x0e, 0x0d, 0x00, 0x0b, 0x00, 0x0b, 0x11, 0x11, 0x11, 0x11, 0x11,
    0x10, 0x07, 0x1b, 0x2b, 0x13, 0x35, 0x33, 0x35, 0x33, 0x15, 0x33, 0x15, 0x23, 0x35, 0x23, 0x15,
    0x03, 0x11, 0x33, 0x35, 0x33, 0x15, 0x33, 0x11, 0x23, 0x35, 0x23, 0x15, 0x11, 0x33, 0x35, 0x23,
    0x7d, 0x7d, 0xfa, 0x7d, 0x7d, 0xfa, 0x7d, 0x7d, 0xfa, 0x7d, 0x7d, 0xfa, 0xfa, 0xfa, 0x02, 0xee,
    0x7d, 0x7d, 0x7d, 0x7d, 0x7d, 0x7d, 0xfd, 0x12, 0x01, 0xf4, 0x7d, 0x7d, 0xfe, 0x0c, 0xfa, 0xfa,
    0x01, 0x77, 0x78, 0x00, 0x00, 0x04, 0x00, 0x7d, 0x00, 0x00, 0x02, 0x71, 0x03, 0x6b, 0x00, 0x03,
    0x00, 0x07, 0x00, 0x13, 0x00, 0x17, 0x00, 0x55, 0x40, 0x52, 0x02, 0x01, 0x00, 0x0d, 0x03, 0x0c,
    0x03, 0x01, 0x05, 0x00, 0x01, 0x67, 0x00, 0x0a, 0x00, 0x08, 0x07, 0x0a, 0x08, 0x67, 0x00, 0x0b,
    0x0b, 0x05, 0x5f, 0x00, 0x05, 0x05, 0x15, 0x4d, 0x06, 0x01, 0x04, 0x04, 0x07, 0x5f, 0x0e, 0x09,
    0x02, 0x07, 0x07, 0x16, 0x07, 0x4e, 0x08, 0x08, 0x04, 0x04, 0x00, 0x00, 0x17, 0x16, 0x15, 0x14,
    0x08, 0x13, 0x08, 0x13, 0x12, 0x11, 0x10, 0x0f, 0x0e, 0x0d, 0x0c, 0x0b, 0x0a, 0x09, 0x04, 0x07,
    0x04, 0x07, 0x06, 0x05, 0x00, 0x03, 0x00, 0x03, 0x11, 0x0f, 0x07, 0x17, 0x2b, 0x01, 0x35, 0x33,
    0x15, 0x21, 0x35, 0x33, 0x15, 0x03, 0x11, 0x33, 0x35, 0x33, 0x15, 0x33, 0x11, 0x23, 0x35, 0x23,
    0x15, 0x11, 0x33, 0x35, 0x23, 0x01, 0xf4, 0x7d, 0xfe, 0x0c, 0x7d, 0x7d, 0x7d, 0xfa, 0x7d, 0x7d,
    0xfa, 0xfa, 0xfa, 0x02, 0xee, 0x7d, 0x7d, 0x7d, 0x7d, 0xfd, 0x12, 0x01, 0xf4, 0x7d, 0x7d, 0xfe,
    0x0c, 0xfa, 0xfa, 0x01, 0x77, 0x78, 0xff, 0xff, 0x00, 0x7d, 0x00, 0x00, 0x02, 0x71, 0x03, 0xe8,
    0x02, 0x26, 0x00, 0x01, 0x00, 0x00, 0x00, 0x06, 0x00, 0xd7, 0x7d, 0x00, 0x00, 0x04, 0x00, 0x7d,
    0x00, 0x00, 0x02, 0x71, 0x03, 0xe8, 0x00, 0x03, 0x00, 0x0b, 0x00, 0x17, 0x00, 0x1b, 0x00, 0x58,
    0x40, 0x55, 0x03, 0x01, 0x01, 0x02, 0x01, 0x00, 0x04, 0x01, 0x00, 0x67, 0x00, 0x04, 0x0e, 0x01,
    0x05, 0x07, 0x04, 0x05, 0x67, 0x00, 0x0c, 0x00, 0x0a, 0x09, 0x0c, 0x0a, 0x67, 0x00, 0x0d, 0x0d,
    0x07, 0x5f, 0x00, 0x07, 0x07, 0x15, 0x4d, 0x08, 0x01, 0x06, 0x06, 0x09, 0x5f, 0x0f, 0x0b, 0x02,
    0x09, 0x09, 0x16, 0x09, 0x4e, 0x0c, 0x0c, 0x04, 0x04, 0x1b, 0x1a, 0x19, 0x18, 0x0c, 0x17, 0x0c,
    0x17, 0x16, 0x15, 0x14, 0x13, 0x12, 0x11, 0x10, 0x0f, 0x0e, 0x0d, 0x04, 0x0b, 0x04, 0x0b, 0x11,
    0x11, 0x12, 0x11, 0x10, 0x10, 0x07, 0x1b, 0x2b, 0x01, 0x23, 0x35, 0x33, 0x05, 0x35, 0x23, 0x35,
    0x33, 0x15, 0x33, 0x15, 0x01, 0x11, 0x33, 0x35, 0x33, 0x15, 0x33, 0x11, 0x23, 0x35, 0x23, 0x15,
    0x11, 0x33, 0x35, 0x23, 0x02, 0x71, 0x7d, 0x7d, 0xfe, 0x89, 0x7d, 0x7d, 0xfa, 0xfe, 0x89, 0x7d,
    0xfa, 0x7d, 0x7d, 0xfa, 0xfa, 0xfa, 0x03, 0x6b, 0x7d, 0xfa, 0x7d, 0x7d, 0x7d, 0x7d, 0xfd, 0x12,
    0x01, 0xf4, 0x7d, 0x7d, 0xfe, 0x0c, 0xfa, 0xfa, 0x01, 0x77, 0x78, 0x00, 0xff, 0xff, 0x00, 0x7d,
    0x00, 0x00, 0x02, 0x71, 0x03, 0xe8, 0x02, 0x26, 0x00, 0x01, 0x00, 0x00, 0x00, 0x06, 0x00, 0xda,
    0x00, 0x00, 0x00, 0x02, 0x00, 0x7d, 0x00, 0x00, 0x02, 0xee, 0x02, 0x71, 0x00, 0x11, 0x00, 0x15,
    0x00, 0x85, 0x4b, 0xb0, 0x2e, 0x50, 0x58, 0x40, 0x2e, 0x09, 0x01, 0x03, 0x07, 0x01, 0x04, 0x05,
    0x03, 0x04, 0x67, 0x0a, 0x01, 0x02, 0x02, 0x01, 0x5f, 0x00, 0x01, 0x01, 0x15, 0x4d, 0x00, 0x00,
    0x00, 0x06, 0x5f, 0x0b, 0x08, 0x02, 0x06, 0x06, 0x16, 0x4d, 0x00, 0x05, 0x05, 0x06, 0x5f, 0x0b,
    0x08, 0x02, 0x06, 0x06, 0x16, 0x06, 0x4e, 0x1b, 0x40, 0x34, 0x00, 0x0a, 0x00, 0x03, 0x02, 0x0a,
    0x72, 0x09, 0x01, 0x03, 0x07, 0x01, 0x04, 0x05, 0x03, 0x04, 0x67, 0x00, 0x02, 0x02, 0x01, 0x5f,
    0x00, 0x01, 0x01, 0x15, 0x4d, 0x00, 0x00, 0x00, 0x06, 0x5f, 0x0b, 0x08, 0x02, 0x06, 0x06, 0x16,
    0x4d, 0x00, 0x05, 0x05, 0x06, 0x5f, 0x0b, 0x08, 0x02, 0x06, 0x06, 0x16, 0x06, 0x4e, 0x59, 0x40,
    0x15, 0x00, 0x00, 0x15, 0x14, 0x13, 0x12, 0x00, 0x11, 0x00, 0x11, 0x11, 0x11, 0x11, 0x11, 0x11,
    0x11, 0x11, 0x11, 0x0c, 0x07, 0x1e, 0x2b, 0x33, 0x11, 0x33, 0x35, 0x21, 0x15, 0x23, 0x15, 0x33,
    0x15, 0x23, 0x15, 0x33, 0x15, 0x21, 0x35, 0x23, 0x15, 0x11, 0x33, 0x35, 0x23, 0x7d, 0x7d, 0x01,
    0xf4, 0xfa, 0xfa, 0xfa, 0xfa, 0xfe, 0x89, 0x7d, 0x7d, 0x7d, 0x01, 0xf4, 0x7d, 0x7d, 0x7d, 0x7d,
    0x7d, 0x7d, 0xfa, 0xfa, 0x01, 0x77, 0x78, 0x00, 0x00, 0x03, 0x00, 0x7d, 0x00, 0x00, 0x02, 0x71,
    0x02, 0x71, 0x00, 0x07, 0x00, 0x0b, 0x00, 0x0f, 0x00, 0x3d, 0x40, 0x3a, 0x00, 0x04, 0x00, 0x07,
    0x02, 0x04, 0x07, 0x67, 0x00, 0x01, 0x00, 0x02, 0x06, 0x01, 0x02, 0x67, 0x00, 0x05, 0x05, 0x00,
    0x5f, 0x00, 0x00, 0x00, 0x15, 0x4d, 0x00, 0x06, 0x06, 0x03, 0x5f, 0x08, 0x01, 0x03, 0x03, 0x16,
    0x03, 0x4e, 0x00, 0x00, 0x0f, 0x0e, 0x0d, 0x0c, 0x0b, 0x0a, 0x09, 0x08, 0x00, 0x07, 0x00, 0x07,
    0x11, 0x11, 0x11, 0x09, 0x07, 0x19, 0x2b, 0x33, 0x11, 0x21, 0x15, 0x33, 0x11, 0x23, 0x15, 0x03,
    0x33, 0x35, 0x23, 0x11, 0x33, 0x35, 0x23, 0x7d, 0x01, 0x77, 0x7d, 0x7d, 0xfa, 0xf5, 0xf5, 0xf5,
    0xf5, 0x02, 0x71, 0x7d, 0xfe, 0x89, 0x7d, 0x01, 0x77, 0x7d, 0xfe, 0x89, 0x7d, 0x00, 0x00, 0x03,
    0x00, 0x7d, 0x00, 0x00, 0x02, 0x71, 0x02, 0x71, 0x00, 0x07, 0x00, 0x0f, 0x00, 0x13, 0x00, 0x4d,
    0x40, 0x4a, 0x05, 0x01, 0x02, 0x0a, 0x01, 0x03, 0x08, 0x02, 0x03, 0x67, 0x00, 0x08, 0x0c, 0x09,
    0x02, 0x04, 0x06, 0x08, 0x04, 0x67, 0x00, 0x00, 0x00, 0x01, 0x5f, 0x00, 0x01, 0x01, 0x15, 0x4d,
    0x00, 0x06, 0x06, 0x07, 0x5f, 0x0b, 0x01, 0x07, 0x07, 0x16, 0x07, 0x4e, 0x10, 0x10, 0x08, 0x08,
    0x00, 0x00, 0x10, 0x13, 0x10, 0x13, 0x12, 0x11, 0x08, 0x0f, 0x08, 0x0f, 0x0e, 0x0d, 0x0c, 0x0b,
    0x0a, 0x09, 0x00, 0x07, 0x00, 0x07, 0x11, 0x11, 0x11, 0x0d, 0x07, 0x19, 0x2b, 0x01, 0x35, 0x23,
    0x35, 0x33, 0x15, 0x33, 0x15, 0x01, 0x35, 0x23, 0x11, 0x33, 0x11, 0x33, 0x15, 0x35, 0x35, 0x33,
    0x15, 0x01, 0xf4, 0xfa, 0xfa, 0x7d, 0xfe, 0x89, 0x7d, 0x7d, 0xfa, 0x7d, 0x01, 0x77, 0x7d, 0x7d,
    0x7d, 0x7d, 0xfe, 0x89, 0x7d, 0x01, 0x77, 0xfe, 0x89, 0x7d, 0x7d, 0x7d, 0x7d, 0x00, 0xff, 0xff,
    0x00, 0x7d, 0xff, 0x06, 0x02, 0x71, 0x02, 0x71, 0x02, 0x26, 0x00, 0x0a, 0x00, 0x00, 0x00, 0x06,
    0x00, 0xdc, 0xf6, 0x00, 0x00, 0x02, 0x00, 0x7d, 0x00, 0x00, 0x02, 0x71, 0x02, 0x71, 0x00, 0x07,
    0x00, 0x0b, 0x00, 0x31, 0x40, 0x2e, 0x00, 0x01, 0x00, 0x02, 0x04, 0x01, 0x02, 0x67, 0x00, 0x05,
    0x05, 0x00, 0x5f, 0x00, 0x00, 0x00, 0x15, 0x4d, 0x00, 0x04, 0x04, 0x03, 0x5f, 0x06, 0x01, 0x03,
    0x03, 0x16, 0x03, 0x4e, 0x00, 0x00, 0x0b, 0x0a, 0x09, 0x08, 0x00, 0x07, 0x00, 0x07, 0x11, 0x11,
    0x11, 0x07, 0x07, 0x19, 0x2b, 0x33, 0x11, 0x21, 0x15, 0x33, 0x11, 0x23, 0x15, 0x27, 0x33, 0x11,
    0x23, 0x7d, 0x01, 0x77, 0x7d, 0x7d, 0xfa, 0xf5, 0xf5, 0x02, 0x71, 0x7d, 0xfe, 0x89, 0x7d, 0x7d,
    0x01, 0x77, 0x00, 0x02, 0x00, 0x7d, 0x00, 0x00, 0x02, 0xee, 0x02, 0x71, 0x00, 0x0b, 0x00, 0x13,
    0x00, 0x41, 0x40, 0x3e, 0x08, 0x01, 0x01, 0x09, 0x01, 0x00, 0x04, 0x01, 0x00, 0x67, 0x00, 0x03,
    0x00, 0x04, 0x06, 0x03, 0x04, 0x67, 0x00, 0x07, 0x07, 0x02, 0x5f, 0x00, 0x02, 0x02, 0x15, 0x4d,
    0x00, 0x06, 0x06, 0x05, 0x5f, 0x0a, 0x01, 0x05, 0x05, 0x16, 0x05, 0x4e, 0x00, 0x00, 0x13, 0x12,
    0x11, 0x10, 0x0f, 0x0e, 0x0d, 0x0c, 0x00, 0x0b, 0x00, 0x0b, 0x11, 0x11, 0x11, 0x11, 0x11, 0x0b,
    0x07, 0x1b, 0x2b, 0x33, 0x35, 0x23, 0x35, 0x33, 0x35, 0x21, 0x15, 0x33, 0x11, 0x23, 0x15, 0x27,
    0x33, 0x11, 0x23, 0x15, 0x33, 0x15, 0x23, 0xfa, 0x7d, 0x7d, 0x01, 0x77, 0x7d, 0x7d, 0xfa, 0xf5,
    0xf5, 0x7d, 0x7d, 0xfa, 0x7d, 0xfa, 0x7d, 0xfe, 0x89, 0x7d, 0x7d, 0x01, 0x77, 0x7d, 0x7d, 0x00,
    0x00, 0x01, 0x00, 0x7d, 0x00, 0x00, 0x01, 0xf4, 0x02, 0x71, 0x00, 0x0b, 0x00, 0x2f, 0x40, 0x2c,
    0x00, 0x02, 0x00, 0x03, 0x04, 0x02, 0x03, 0x67, 0x00, 0x01, 0x01, 0x00, 0x5f, 0x00, 0x00, 0x00,
    0x15, 0x4d, 0x00, 0x04, 0x04, 0x05, 0x5f, 0x06, 0x01, 0x05, 0x05, 0x16, 0x05, 0x4e, 0x00, 0x00,
    0x00, 0x0b, 0x00, 0x0b, 0x11, 0x11, 0x11, 0x11, 0x11, 0x07, 0x07, 0x1b, 0x2b, 0x33, 0x11, 0x21,
    0x15, 0x23, 0x15, 0x33, 0x15, 0x23, 0x15, 0x33, 0x15, 0x7d, 0x01, 0x77, 0xfa, 0xfa, 0xfa, 0xfa,
    0x02, 0x71, 0x7d, 0x7d, 0x7d, 0x7d, 0x7d, 0x00, 0xff, 0xff, 0x00, 0x7d, 0x00, 0x00, 0x01, 0xf4,
    0x03, 0xe8, 0x02, 0x26, 0x00, 0x0e, 0x00, 0x00, 0x00, 0x06, 0x00, 0xd8, 0x7d, 0x00, 0xff, 0xff,
    0x00, 0x7d, 0x00, 0x00, 0x01, 0xf4, 0x03, 0xe8, 0x02, 0x26, 0x00, 0x0e, 0x00, 0x00, 0x00, 0x06,
    0x00, 0xd9, 0x00, 0x00, 0xff, 0xff, 0x00, 0x7d, 0x00, 0x00, 0x01, 0xf4, 0x03, 0x6b, 0x02, 0x26,
    0x00, 0x0e, 0x00, 0x00, 0x01, 0x06, 0x00, 0xd6, 0x00, 0x83, 0x00, 0x09, 0xb1, 0x01, 0x02, 0xb8,
    0xff, 0x83, 0xb0, 0x35, 0x2b, 0x00, 0xff, 0xff, 0x00, 0x7d, 0x00, 0x00, 0x01, 0xf4, 0x03, 0xe8,
    0x02, 0x26, 0x00, 0x0e, 0x00, 0x00, 0x00, 0x06, 0x00, 0xd7, 0x00, 0x00, 0x00, 0x01, 0x00, 0x7d,
    0x00, 0x00, 0x01, 0xf4, 0x02, 0x71, 0x00, 0x09, 0x00, 0x29, 0x40, 0x26, 0x00, 0x02, 0x00, 0x03,
    0x04, 0x02, 0x03, 0x67, 0x00, 0x01, 0x01, 0x00, 0x5f, 0x00, 0x00, 0x00, 0x15, 0x4d, 0x05, 0x01,
    0x04, 0x04, 0x16, 0x04, 0x4e, 0x00, 0x00, 0x00, 0x09, 0x00, 0x09, 0x11, 0x11, 0x11, 0x11, 0x06,
    0x07, 0x1a, 0x2b, 0x33, 0x11, 0x21, 0x15, 0x23, 0x15, 0x33, 0x15, 0x23, 0x15, 0x7d, 0x01, 0x77,
    0xfa, 0xfa, 0xfa, 0x02, 0x71, 0x7d, 0x7d, 0x7d, 0xfa, 0x00, 0x00, 0x04, 0x00, 0x7d, 0x00, 0x00,
    0x02, 0x71, 0x02, 0x71, 0x00, 0x03, 0x00, 0x07, 0x00, 0x0d, 0x00, 0x11, 0x00, 0x51, 0x40, 0x4e,
    0x00, 0x05, 0x00, 0x04, 0x03, 0x05, 0x04, 0x67, 0x00, 0x02, 0x0b, 0x06, 0x0a, 0x03, 0x03, 0x07,
    0x02, 0x03, 0x67, 0x09, 0x01, 0x01, 0x01, 0x00, 0x5f, 0x00, 0x00, 0x00, 0x15, 0x4d, 0x00, 0x07,
    0x07, 0x08, 0x5f, 0x0c, 0x01, 0x08, 0x08, 0x16, 0x08, 0x4e, 0x0e, 0x0e, 0x08, 0x08, 0x04, 0x04,
    0x00, 0x00, 0x0e, 0x11, 0x0e, 0x11, 0x10, 0x0f, 0x08, 0x0d, 0x08, 0x0d, 0x0c, 0x0b, 0x0a, 0x09,
    0x04, 0x07, 0x04, 0x07, 0x06, 0x05, 0x00, 0x03, 0x00, 0x03, 0x11, 0x0d, 0x07, 0x17, 0x2b, 0x13,
    0x35, 0x21, 0x15, 0x01, 0x11, 0x33, 0x11, 0x33, 0x35, 0x23, 0x35, 0x33, 0x15, 0x05, 0x35, 0x33,
    0x15, 0xfa, 0x01, 0x77, 0xfe, 0x0c, 0x7d, 0xfa, 0x7d, 0xfa, 0xfe, 0x89, 0xfa, 0x01, 0xf4, 0x7d,
    0x7d, 0xfe, 0x89, 0x01, 0x77, 0xfe, 0x89, 0x7d, 0x7d, 0xfa, 0x7d, 0x7d, 0x7d, 0x00, 0x00, 0x01,
    0x00, 0x7d, 0x00, 0x00, 0x02, 0x71, 0x02, 0x71, 0x00, 0x0b, 0x00, 0x27, 0x40, 0x24, 0x00, 0x01,
    0x00, 0x04, 0x03, 0x01, 0x04, 0x67, 0x02, 0x01, 0x00, 0x00, 0x15, 0x4d, 0x06, 0x05, 0x02, 0x03,
    0x03, 0x16, 0x03, 0x4e, 0x00, 0x00, 0x00, 0x0b, 0x00, 0x0b, 0x11, 0x11, 0x11, 0x11, 0x11, 0x07,
    0x07, 0x1b, 0x2b, 0x33, 0x11, 0x33, 0x15, 0x33, 0x35, 0x33, 0x11, 0x23, 0x35, 0x23, 0x15, 0x7d,
    0x7d, 0xfa, 0x7d, 0x7d, 0xfa, 0x02, 0x71, 0xfa, 0xfa, 0xfd, 0x8f, 0xfa, 0xfa, 0x00, 0x00, 0x01,
    0x00, 0x7d, 0x00, 0x00, 0x00, 0xfa, 0x02, 0x71, 0x00, 0x03, 0x00, 0x19, 0x40, 0x16, 0x00, 0x00,
    0x00, 0x15, 0x4d, 0x02, 0x01, 0x01, 0x01, 0x16, 0x01, 0x4e, 0x00, 0x00, 0x00, 0x03, 0x00, 0x03,
    0x11, 0x03, 0x07, 0x17, 0x2b, 0x33, 0x11, 0x33, 0x11, 0x7d, 0x7d, 0x02, 0x71, 0xfd, 0x8f, 0x00,
    0xff, 0xff, 0x00, 0x7d, 0x00, 0x00, 0x01, 0x77, 0x03, 0xe8, 0x02, 0x26, 0x00, 0x16, 0x00, 0x00,
    0x00, 0x06, 0x00, 0xd8, 0x00, 0x00, 0xff, 0xff, 0x00, 0x00, 0x00, 0x00, 0x01, 0x77, 0x03, 0xe8,
    0x02, 0x26, 0x00, 0x16, 0x00, 0x00, 0x00, 0x06, 0x00, 0xd9, 0x83, 0x00, 0xff, 0xff, 0x00, 0x00,
    0x00, 0x00, 0x01, 0x77, 0x03, 0x6b, 0x02, 0x26, 0x00, 0x16, 0x00, 0x00, 0x01, 0x06, 0x00, 0xd6,
    0x83, 0x83, 0x00, 0x09, 0xb1, 0x01, 0x02, 0xb8, 0xff, 0x83, 0xb0, 0x35, 0x2b, 0x00, 0xff, 0xff,
    0x00, 0x00, 0x00, 0x00, 0x00, 0xfa, 0x03, 0xe8, 0x02, 0x26, 0x00, 0x16, 0x00, 0x00, 0x00, 0x06,
    0x00, 0xd7, 0x83, 0x00, 0x00, 0x02, 0x00, 0x7d, 0x00, 0x00, 0x02, 0x71, 0x02, 0x71, 0x00, 0x03,
    0x00, 0x0b, 0x00, 0x37, 0x40, 0x34, 0x00, 0x03, 0x01, 0x01, 0x03, 0x57, 0x02, 0x06, 0x02, 0x01,
    0x01, 0x00, 0x5f, 0x00, 0x00, 0x00, 0x15, 0x4d, 0x00, 0x04, 0x04, 0x05, 0x5f, 0x07, 0x01, 0x05,
    0x05, 0x16, 0x05, 0x4e, 0x04, 0x04, 0x00, 0x00, 0x04, 0x0b, 0x04, 0x0b, 0x0a, 0x09, 0x08, 0x07,
    0x06, 0x05, 0x00, 0x03, 0x00, 0x03, 0x11, 0x08, 0x07, 0x17, 0x2b, 0x25, 0x11, 0x33, 0x11, 0x05,
    0x35, 0x23, 0x35, 0x33, 0x15, 0x33, 0x15, 0x01, 0xf4, 0x7d, 0xfe, 0x89, 0x7d, 0x7d, 0xfa, 0x7d,
    0x01, 0xf4, 0xfe, 0x0c, 0x7d, 0x7d, 0x7d, 0x7d, 0x7d, 0x00, 0x00, 0x03, 0x00, 0x7d, 0x00, 0x00,
    0x02, 0x71, 0x02, 0x71, 0x00, 0x0f, 0x00, 0x13, 0x00, 0x17, 0x00, 0x55, 0x40, 0x52, 0x00, 0x0a,
    0x0e, 0x01, 0x0b, 0x01, 0x0a, 0x0b, 0x67, 0x00, 0x01, 0x00, 0x06, 0x02, 0x01, 0x06, 0x67, 0x00,
    0x02, 0x00, 0x05, 0x03, 0x02, 0x05, 0x67, 0x0d, 0x01, 0x09, 0x09, 0x00, 0x5f, 0x08, 0x01, 0x00,
    0x00, 0x15, 0x4d, 0x00, 0x03, 0x03, 0x04, 0x5f, 0x0c, 0x07, 0x02, 0x04, 0x04, 0x16, 0x04, 0x4e,
    0x14, 0x14, 0x10, 0x10, 0x00, 0x00, 0x14, 0x17, 0x14, 0x17, 0x16, 0x15, 0x10, 0x13, 0x10, 0x13,
    0x12, 0x11, 0x00, 0x0f, 0x00, 0x0f, 0x11, 0x11, 0x11, 0x11, 0x11, 0x11, 0x11, 0x0f, 0x07, 0x1d,
    0x2b, 0x33, 0x11, 0x33, 0x15, 0x33, 0x15, 0x33, 0x15, 0x33, 0x15, 0x23, 0x35, 0x23, 0x35, 0x23,
    0x15, 0x13, 0x35, 0x33, 0x15, 0x07, 0x35, 0x33, 0x15, 0x7d, 0x7d, 0x7d, 0x7d, 0x7d, 0x7d, 0x7d,
    0x7d, 0xfa, 0x7d, 0xfa, 0x7d, 0x02, 0x71, 0xfa, 0x7d, 0x7d, 0x7d, 0x7d, 0x7d, 0xfa, 0x01, 0xf4,
    0x7d, 0x7d, 0x7d, 0x7d, 0x7d, 0x00, 0x00, 0x01, 0x00, 0x7d, 0x00, 0x00, 0x01, 0xf4, 0x02, 0x71,
    0x00, 0x05, 0x00, 0x1f, 0x40, 0x1c, 0x00, 0x00, 0x00, 0x15, 0x4d, 0x00, 0x01, 0x01, 0x02, 0x60,
    0x03, 0x01, 0x02, 0x02, 0x16, 0x02, 0x4e, 0x00, 0x00, 0x00, 0x05, 0x00, 0x05, 0x11, 0x11, 0x04,
    0x07, 0x18, 0x2b, 0x33, 0x11, 0x33, 0x11, 0x33, 0x15, 0x7d, 0x7d, 0xfa, 0x02, 0x71, 0xfe, 0x0c,
    0x7d, 0x00, 0x00, 0x02, 0x00, 0x7d, 0x00, 0x00, 0x02, 0xee, 0x02, 0x71, 0x00, 0x0b, 0x00, 0x13,
    0x00, 0x3e, 0x40, 0x3b, 0x07, 0x01, 0x01, 0x06, 0x01, 0x04, 0x02, 0x01, 0x04, 0x67, 0x00, 0x02,
    0x00, 0x03, 0x05, 0x02, 0x03, 0x67, 0x08, 0x01, 0x00, 0x00, 0x15, 0x4d, 0x0b, 0x09, 0x0a, 0x03,
    0x05, 0x05, 0x16, 0x05, 0x4e, 0x0c, 0x0c, 0x00, 0x00, 0x0c, 0x13, 0x0c, 0x13, 0x12, 0x11, 0x10,
    0x0f, 0x0e, 0x0d, 0x00, 0x0b, 0x00, 0x0b, 0x11, 0x11, 0x11, 0x11, 0x11, 0x0c, 0x07, 0x1b, 0x2b,
    0x33, 0x11, 0x33, 0x15, 0x33, 0x15, 0x33, 0x15, 0x23, 0x35, 0x23, 0x11, 0x21, 0x11, 0x23, 0x35,
    0x33, 0x35, 0x33, 0x11, 0x7d, 0x7d, 0x7d, 0x7d, 0x7d, 0x7d, 0x01, 0x77, 0x7d, 0x7d, 0x7d, 0x02,
    0x71, 0x7d, 0x7d, 0x7d, 0x7d, 0xfe, 0x89, 0x01, 0x77, 0x7d, 0x7d, 0xfd, 0x8f, 0x00, 0x00, 0x01,
    0x00, 0x7d, 0x00, 0x00, 0x02, 0xee, 0x02, 0x71, 0x00, 0x13, 0x00, 0x3b, 0x40, 0x38, 0x00, 0x01,
    0x00, 0x08, 0x02, 0x01, 0x08, 0x67, 0x00, 0x02, 0x00, 0x07, 0x03, 0x02, 0x07, 0x67, 0x00, 0x03,
    0x00, 0x06, 0x05, 0x03, 0x06, 0x67, 0x04, 0x01, 0x00, 0x00, 0x15, 0x4d, 0x0a, 0x09, 0x02, 0x05,
    0x05, 0x16, 0x05, 0x4e, 0x00, 0x00, 0x00, 0x13, 0x00, 0x13, 0x11, 0x11, 0x11, 0x11, 0x11, 0x11,
    0x11, 0x11, 0x11, 0x0b, 0x07, 0x1f, 0x2b, 0x33, 0x11, 0x33, 0x15, 0x33, 0x15, 0x33, 0x15, 0x33,
    0x11, 0x33, 0x11, 0x23, 0x35, 0x23, 0x35, 0x23, 0x35, 0x23, 0x11, 0x7d, 0x7d, 0x7d, 0x7d, 0x7d,
    0x7d, 0x7d, 0x7d, 0x7d, 0x7d, 0x02, 0x71, 0x7d, 0x7d, 0x7d, 0x01, 0x77, 0xfd, 0x8f, 0x7d, 0x7d,
    0x7d, 0xfe, 0x89, 0x00, 0xff, 0xff, 0x00, 0x7d, 0x00, 0x00, 0x02, 0xee, 0x03, 0xe8, 0x02, 0x26,
    0x00, 0x1f, 0x00, 0x00, 0x00, 0x06, 0x00, 0xda, 0x7d, 0x00, 0x00, 0x02, 0x00, 0x7d, 0x00, 0x00,
    0x02, 0x71, 0x02, 0x71, 0x00, 0x0b, 0x00, 0x0f, 0x00, 0x35, 0x40, 0x32, 0x03, 0x01, 0x01, 0x04,
    0x01, 0x00, 0x05, 0x01, 0x00, 0x67, 0x00, 0x07, 0x07, 0x02, 0x5f, 0x00, 0x02, 0x02, 0x15, 0x4d,
    0x00, 0x06, 0x06, 0x05, 0x5f, 0x08, 0x01, 0x05, 0x05, 0x16, 0x05, 0x4e, 0x00, 0x00, 0x0f, 0x0e,
    0x0d, 0x0c, 0x00, 0x0b, 0x00, 0x0b, 0x11, 0x11, 0x11, 0x11, 0x11, 0x09, 0x07, 0x1b, 0x2b, 0x33,
    0x35, 0x23, 0x11, 0x33, 0x35, 0x33, 0x15, 0x33, 0x11, 0x23, 0x15, 0x27, 0x33, 0x11, 0x23, 0xfa,
    0x7d, 0x7d, 0xfa, 0x7d, 0x7d, 0xfa, 0xfa, 0xfa, 0x7d, 0x01, 0x77, 0x7d, 0x7d, 0xfe, 0x89, 0x7d,
    0x82, 0x01, 0x6d, 0x00, 0xff, 0xff, 0x00, 0x7d, 0x00, 0x00, 0x02, 0x71, 0x03, 0xe8, 0x02, 0x26,
    0x00, 0x21, 0x00, 0x00, 0x00, 0x06, 0x00, 0xd8, 0x7d, 0x00, 0xff, 0xff, 0x00, 0x7d, 0x00, 0x00,
    0x02, 0x71, 0x03, 0xe8, 0x02, 0x26, 0x00, 0x21, 0x00, 0x00, 0x00, 0x06, 0x00, 0xd9, 0x3e, 0x00,
    0xff, 0xff, 0x00, 0x7d, 0x00, 0x00, 0x02, 0x71, 0x03, 0x6b, 0x02, 0x26, 0x00, 0x21, 0x00, 0x00,
    0x01, 0x06, 0x00, 0xd6, 0x3e, 0x83, 0x00, 0x09, 0xb1, 0x02, 0x02, 0xb8, 0xff, 0x83, 0xb0, 0x35,
    0x2b, 0x00, 0xff, 0xff, 0x00, 0x7d, 0x00, 0x00, 0x02, 0x71, 0x03, 0xe8, 0x02, 0x26, 0x00, 0x21,
    0x00, 0x00, 0x00, 0x06, 0x00, 0xd7, 0x7d, 0x00, 0x00, 0x02, 0x00, 0x7d, 0x00, 0x00, 0x02, 0xee,
    0x02, 0x71, 0x00, 0x0b, 0x00, 0x17, 0x00, 0x96, 0x4b, 0xb0, 0x0a, 0x50, 0x58, 0x40, 0x36, 0x00,
    0x08, 0x0b, 0x0a, 0x0b, 0x08, 0x72, 0x00, 0x06, 0x09, 0x07, 0x07, 0x06, 0x72, 0x00, 0x0a, 0x00,
    0x09, 0x06, 0x0a, 0x09, 0x67, 0x03, 0x01, 0x01, 0x04, 0x01, 0x00, 0x05, 0x01, 0x00, 0x67, 0x00,
    0x0b, 0x0b, 0x02, 0x5f, 0x00, 0x02, 0x02, 0x15, 0x4d, 0x00, 0x07, 0x07, 0x05, 0x60, 0x0c, 0x01,
    0x05, 0x05, 0x16, 0x05, 0x4e, 0x1b, 0x40, 0x38, 0x00, 0x08, 0x0b, 0x0a, 0x0b, 0x08, 0x0a, 0x80,
    0x00, 0x06, 0x09, 0x07, 0x09, 0x06, 0x07, 0x80, 0x00, 0x0a, 0x00, 0x09, 0x06, 0x0a, 0x09, 0x67,
    0x03, 0x01, 0x01, 0x04, 0x01, 0x00, 0x05, 0x01, 0x00, 0x67, 0x00, 0x0b, 0x0b, 0x02, 0x5f, 0x00,
    0x02, 0x02, 0x15, 0x4d, 0x00, 0x07, 0x07, 0x05, 0x60, 0x0c, 0x01, 0x05, 0x05, 0x16, 0x05, 0x4e,
    0x59, 0x40, 0x1a, 0x00, 0x00, 0x17, 0x16, 0x15, 0x14, 0x13, 0x12, 0x11, 0x10, 0x0f, 0x0e, 0x0d,
    0x0c, 0x00, 0x0b, 0x00, 0x0b, 0x11, 0x11, 0x11, 0x11, 0x11, 0x0d, 0x07, 0x1b, 0x2b, 0x33, 0x35,
    0x23, 0x11, 0x33, 0x35, 0x21, 0x15, 0x33, 0x11, 0x23, 0x15, 0x25, 0x33, 0x15, 0x33, 0x35, 0x23,
    0x15, 0x23, 0x35, 0x33, 0x35, 0x23, 0xfa, 0x7d, 0x7d, 0x01, 0x77, 0x7d, 0x7d, 0xfe, 0x89, 0x7d,
    0xfa, 0x7d, 0x7d, 0x7d, 0xfa, 0x7d, 0x01, 0x77, 0x7d, 0x7d, 0xfe, 0x89, 0x7d, 0xfa, 0x78, 0xf5,
    0x7d, 0x7d, 0x78, 0x00, 0xff, 0xff, 0x00, 0x7d, 0x00, 0x00, 0x02, 0x71, 0x03, 0xe8, 0x02, 0x26,
    0x00, 0x21, 0x00, 0x00, 0x00, 0x06, 0x00, 0xda, 0x00, 0x00, 0x00, 0x02, 0x00, 0x7d, 0x00, 0x00,
    0x02, 0xee, 0x02, 0x71, 0x00, 0x0f, 0x00, 0x13, 0x00, 0x3f, 0x40, 0x3c, 0x00, 0x04, 0x00, 0x05,
    0x00, 0x04, 0x05, 0x67, 0x00, 0x01, 0x00, 0x00, 0x06, 0x01, 0x00, 0x67, 0x09, 0x01, 0x03, 0x03,
    0x02, 0x5f, 0x00, 0x02, 0x02, 0x15, 0x4d, 0x08, 0x01, 0x06, 0x06, 0x07, 0x5f, 0x0a, 0x01, 0x07,
    0x07, 0x16, 0x07, 0x4e, 0x00, 0x00, 0x13, 0x12, 0x11, 0x10, 0x00, 0x0f, 0x00, 0x0f, 0x11, 0x11,
    0x11, 0x11, 0x11, 0x11, 0x11, 0x0b, 0x07, 0x1d, 0x2b, 0x33, 0x35, 0x23, 0x11, 0x33, 0x35, 0x21,
    0x15, 0x23, 0x15, 0x33, 0x15, 0x23, 0x15, 0x33, 0x15, 0x25, 0x33, 0x11, 0x23, 0xfa, 0x7d, 0x7d,
    0x01, 0xf4, 0xfa, 0xfa, 0xfa, 0xfa, 0xfe, 0x11, 0x78, 0x78, 0x7d, 0x01, 0x77, 0x7d, 0x7d, 0x7d,
    0x7d, 0x7d, 0x7d, 0x7e, 0x01, 0x77, 0x00, 0x02, 0x00, 0x7d, 0x00, 0x00, 0x02, 0x71, 0x02, 0x71,
    0x00, 0x09, 0x00, 0x0d, 0x00, 0x35, 0x40, 0x32, 0x00, 0x01, 0x00, 0x02, 0x05, 0x01, 0x02, 0x67,
    0x00, 0x05, 0x00, 0x03, 0x04, 0x05, 0x03, 0x67, 0x00, 0x06, 0x06, 0x00, 0x5f, 0x00, 0x00, 0x00,
    0x15, 0x4d, 0x07, 0x01, 0x04, 0x04, 0x16, 0x04, 0x4e, 0x00, 0x00, 0x0d, 0x0c, 0x0b, 0x0a, 0x00,
    0x09, 0x00, 0x09, 0x11, 0x11, 0x11, 0x11, 0x08, 0x07, 0x1a, 0x2b, 0x33, 0x11, 0x21, 0x15, 0x33,
    0x15, 0x23, 0x15, 0x23, 0x15, 0x11, 0x33, 0x35, 0x23, 0x7d, 0x01, 0x77, 0x7d, 0x7d, 0xfa, 0xf5,
    0xf5, 0x02, 0x71, 0x7d, 0x7d, 0x7d, 0xfa, 0x01, 0x77, 0x7d, 0x00, 0x02, 0x00, 0x7d, 0x00, 0x00,
    0x01, 0xf4, 0x02, 0x71, 0x00, 0x0b, 0x00, 0x0f, 0x00, 0x39, 0x40, 0x36, 0x00, 0x01, 0x00, 0x07,
    0x02, 0x01, 0x07, 0x67, 0x00, 0x02, 0x00, 0x03, 0x06, 0x02, 0x03, 0x67, 0x00, 0x06, 0x00, 0x04,
    0x05, 0x06, 0x04, 0x67, 0x00, 0x00, 0x00, 0x15, 0x4d, 0x08, 0x01, 0x05, 0x05, 0x16, 0x05, 0x4e,
    0x00, 0x00, 0x0f, 0x0e, 0x0d, 0x0c, 0x00, 0x0b, 0x00, 0x0b, 0x11, 0x11, 0x11, 0x11, 0x11, 0x09,
    0x07, 0x1b, 0x2b, 0x33, 0x11, 0x33, 0x15, 0x33, 0x15, 0x33, 0x15, 0x23, 0x15, 0x23, 0x15, 0x35,
    0x33, 0x35, 0x23, 0x7d, 0x7d, 0x7d, 0x7d, 0x7d, 0x7d, 0x78, 0x78, 0x02, 0x71, 0x7d, 0x7d, 0x7d,
    0x7d, 0x7d, 0xfa, 0x7d, 0x00, 0x02, 0x00, 0x7d, 0xff, 0x83, 0x02, 0x71, 0x02, 0x71, 0x00, 0x0f,
    0x00, 0x13, 0x00, 0x3e, 0x40, 0x3b, 0x04, 0x01, 0x02, 0x05, 0x01, 0x01, 0x00, 0x02, 0x01, 0x67,
    0x00, 0x06, 0x0a, 0x01, 0x07, 0x06, 0x07, 0x63, 0x00, 0x09, 0x09, 0x03, 0x5f, 0x00, 0x03, 0x03,
    0x15, 0x4d, 0x00, 0x08, 0x08, 0x00, 0x5f, 0x00, 0x00, 0x00, 0x16, 0x00, 0x4e, 0x00, 0x00, 0x13,
    0x12, 0x11, 0x10, 0x00, 0x0f, 0x00, 0x0f, 0x11, 0x11, 0x11, 0x11, 0x11, 0x11, 0x11, 0x0b, 0x07,
    0x1d, 0x2b, 0x05, 0x35, 0x23, 0x35, 0x23, 0x11, 0x33, 0x35, 0x33, 0x15, 0x33, 0x11, 0x23, 0x15,
    0x33, 0x15, 0x25, 0x33, 0x11, 0x23, 0x01, 0xf4, 0xfa, 0x7d, 0x7d, 0xfa, 0x7d, 0x7d, 0x7d, 0xfe,
    0x89, 0xfa, 0xfa, 0x7d, 0x7d, 0x7d, 0x01, 0x77, 0x7d, 0x7d, 0xfe, 0x89, 0x7d, 0x7d, 0xff, 0x01,
    0x6d, 0x00, 0x00, 0x02, 0x00, 0x7d, 0x00, 0x00, 0x02, 0x71, 0x02, 0x71, 0x00, 0x0f, 0x00, 0x13,
    0x00, 0x7f, 0x4b, 0xb0, 0x0a, 0x50, 0x58, 0x40, 0x2e, 0x00, 0x05, 0x06, 0x03, 0x06, 0x05, 0x72,
    0x00, 0x01, 0x00, 0x02, 0x08, 0x01, 0x02, 0x67, 0x00, 0x08, 0x00, 0x06, 0x05, 0x08, 0x06, 0x67,
    0x00, 0x09, 0x09, 0x00, 0x5f, 0x00, 0x00, 0x00, 0x15, 0x4d, 0x00, 0x03, 0x03, 0x04, 0x5f, 0x0a,
    0x07, 0x02, 0x04, 0x04, 0x16, 0x04, 0x4e, 0x1b, 0x40, 0x2f, 0x00, 0x05, 0x06, 0x03, 0x06, 0x05,
    0x03, 0x80, 0x00, 0x01, 0x00, 0x02, 0x08, 0x01, 0x02, 0x67, 0x00, 0x08, 0x00, 0x06, 0x05, 0x08,
    0x06, 0x67, 0x00, 0x09, 0x09, 0x00, 0x5f, 0x00, 0x00, 0x00, 0x15, 0x4d, 0x00, 0x03, 0x03, 0x04,
    0x5f, 0x0a, 0x07, 0x02, 0x04, 0x04, 0x16, 0x04, 0x4e, 0x59, 0x40, 0x14, 0x00, 0x00, 0x13, 0x12,
    0x11, 0x10, 0x00, 0x0f, 0x00, 0x0f, 0x11, 0x11, 0x11, 0x11, 0x11, 0x11, 0x11, 0x0b, 0x07, 0x1d,
    0x2b, 0x33, 0x11, 0x21, 0x15, 0x33, 0x15, 0x23, 0x15, 0x33, 0x15, 0x23, 0x35, 0x23, 0x35, 0x23,
    0x15, 0x11, 0x33, 0x35, 0x23, 0x7d, 0x01, 0x77, 0x7d, 0x7d, 0x7d, 0x7d, 0x7d, 0x7d, 0xf5, 0xf5,
    0x02, 0x71, 0x7d, 0x7d, 0xfa, 0x7d, 0x7d, 0x7d, 0xfa, 0x01, 0x77, 0x7d, 0x00, 0x03, 0x00, 0x7d,
    0x00, 0x00, 0x02, 0x71, 0x02, 0x71, 0x00, 0x03, 0x00, 0x0f, 0x00, 0x13, 0x00, 0x55, 0x40, 0x52,
    0x00, 0x04, 0x00, 0x03, 0x05, 0x04, 0x03, 0x67, 0x00, 0x05, 0x00, 0x02, 0x06, 0x05, 0x02, 0x67,
    0x00, 0x06, 0x0b, 0x01, 0x07, 0x08, 0x06, 0x07, 0x67, 0x0a, 0x01, 0x01, 0x01, 0x00, 0x5f, 0x00,
    0x00, 0x00, 0x15, 0x4d, 0x00, 0x08, 0x08, 0x09, 0x5f, 0x0c, 0x01, 0x09, 0x09, 0x16, 0x09, 0x4e,
    0x10, 0x10, 0x04, 0x04, 0x00, 0x00, 0x10, 0x13, 0x10, 0x13, 0x12, 0x11, 0x04, 0x0f, 0x04, 0x0f,
    0x0e, 0x0d, 0x0c, 0x0b, 0x0a, 0x09, 0x08, 0x07, 0x06, 0x05, 0x00, 0x03, 0x00, 0x03, 0x11, 0x0d,
    0x07, 0x17, 0x2b, 0x13, 0x35, 0x21, 0x15, 0x03, 0x35, 0x23, 0x35, 0x23, 0x35, 0x33, 0x15, 0x33,
    0x15, 0x33, 0x15, 0x05, 0x35, 0x21, 0x15, 0xfa, 0x01, 0x77, 0x7d, 0xfa, 0x7d, 0x7d, 0xfa, 0x7d,
    0xfe, 0x0c, 0x01, 0x77, 0x01, 0xf4, 0x7d, 0x7d, 0xfe, 0x89, 0x7d, 0x7d, 0x7d, 0x7d, 0x7d, 0x7d,
    0x7d, 0x7d, 0x7d, 0x00, 0x00, 0x05, 0x00, 0x7d, 0x00, 0x00, 0x02, 0x71, 0x03, 0xe8, 0x00, 0x03,
    0x00, 0x0b, 0x00, 0x0f, 0x00, 0x1b, 0x00, 0x1f, 0x00, 0x74, 0x40, 0x71, 0x03, 0x01, 0x01, 0x02,
    0x01, 0x00, 0x04, 0x01, 0x00, 0x67, 0x00, 0x04, 0x10, 0x01, 0x05, 0x06, 0x04, 0x05, 0x67, 0x00,
    0x0a, 0x00, 0x09, 0x0b, 0x0a, 0x09, 0x67, 0x00, 0x0b, 0x00, 0x08, 0x0c, 0x0b, 0x08, 0x67, 0x00,
    0x0c, 0x12, 0x01, 0x0d, 0x0e, 0x0c, 0x0d, 0x67, 0x11, 0x01, 0x07, 0x07, 0x06, 0x5f, 0x00, 0x06,
    0x06, 0x15, 0x4d, 0x00, 0x0e, 0x0e, 0x0f, 0x5f, 0x13, 0x01, 0x0f, 0x0f, 0x16, 0x0f, 0x4e, 0x1c,
    0x1c, 0x10, 0x10, 0x0c, 0x0c, 0x04, 0x04, 0x1c, 0x1f, 0x1c, 0x1f, 0x1e, 0x1d, 0x10, 0x1b, 0x10,
    0x1b, 0x1a, 0x19, 0x18, 0x17, 0x16, 0x15, 0x14, 0x13, 0x12, 0x11, 0x0c, 0x0f, 0x0c, 0x0f, 0x0e,
    0x0d, 0x04, 0x0b, 0x04, 0x0b, 0x11, 0x11, 0x12, 0x11, 0x10, 0x14, 0x07, 0x1b, 0x2b, 0x01, 0x23,
    0x35, 0x33, 0x05, 0x35, 0x23, 0x35, 0x33, 0x15, 0x33, 0x15, 0x07, 0x35, 0x21, 0x15, 0x03, 0x35,
    0x23, 0x35, 0x23, 0x35, 0x33, 0x15, 0x33, 0x15, 0x33, 0x15, 0x05, 0x35, 0x21, 0x15, 0x02, 0x71,
    0x7d, 0x7d, 0xfe, 0x89, 0x7d, 0x7d, 0xfa, 0xfa, 0x01, 0x77, 0x7d, 0xfa, 0x7d, 0x7d, 0xfa, 0x7d,
    0xfe, 0x0c, 0x01, 0x77, 0x03, 0x6b, 0x7d, 0xfa, 0x7d, 0x7d, 0x7d, 0x7d, 0xfa, 0x7d, 0x7d, 0xfe,
    0x89, 0x7d, 0x7d, 0x7d, 0x7d, 0x7d, 0x7d, 0x7d, 0x7d, 0x7d, 0x00, 0x01, 0x00, 0x7d, 0x00, 0x00,
    0x01, 0xf4, 0x02, 0x71, 0x00, 0x07, 0x00, 0x21, 0x40, 0x1e, 0x02, 0x01, 0x00, 0x00, 0x01, 0x5f,
    0x00, 0x01, 0x01, 0x15, 0x4d, 0x04, 0x01, 0x03, 0x03, 0x16, 0x03, 0x4e, 0x00, 0x00, 0x00, 0x07,
    0x00, 0x07, 0x11, 0x11, 0x11, 0x05, 0x07, 0x19, 0x2b, 0x33, 0x11, 0x23, 0x35, 0x21, 0x15, 0x23,
    0x11, 0xfa, 0x7d, 0x01, 0x77, 0x7d, 0x01, 0xf4, 0x7d, 0x7d, 0xfe, 0x0c, 0x00, 0x02, 0x00, 0x7d,
    0x00, 0x00, 0x02, 0x71, 0x02, 0x71, 0x00, 0x07, 0x00, 0x0b, 0x00, 0x30, 0x40, 0x2d, 0x07, 0x05,
    0x02, 0x00, 0x00, 0x01, 0x5f, 0x04, 0x01, 0x01, 0x01, 0x15, 0x4d, 0x00, 0x02, 0x02, 0x03, 0x5f,
    0x06, 0x01, 0x03, 0x03, 0x16, 0x03, 0x4e, 0x08, 0x08, 0x00, 0x00, 0x08, 0x0b, 0x08, 0x0b, 0x0a,
    0x09, 0x00, 0x07, 0x00, 0x07, 0x11, 0x11, 0x11, 0x08, 0x07, 0x19, 0x2b, 0x33, 0x35, 0x23, 0x11,
    0x33, 0x11, 0x33, 0x15, 0x35, 0x11, 0x33, 0x11, 0xfa, 0x7d, 0x7d, 0xfa, 0x7d, 0x7d, 0x01, 0xf4,
    0xfe, 0x0c, 0x7d, 0x7d, 0x01, 0xf4, 0xfe, 0x0c, 0xff, 0xff, 0x00, 0x7d, 0x00, 0x00, 0x02, 0x71,
    0x03, 0xe8, 0x02, 0x26, 0x00, 0x30, 0x00, 0x00, 0x00, 0x06, 0x00, 0xd8, 0x7d, 0x00, 0xff, 0xff,
    0x00, 0x7d, 0x00, 0x00, 0x02, 0x71, 0x03, 0xe8, 0x02, 0x26, 0x00, 0x30, 0x00, 0x00, 0x00, 0x06,
    0x00, 0xd9, 0x3e, 0x00, 0xff, 0xff, 0x00, 0x7d, 0x00, 0x00, 0x02, 0x71, 0x03, 0x6b, 0x02, 0x26,
    0x00, 0x30, 0x00, 0x00, 0x01, 0x06, 0x00, 0xd6, 0x3e, 0x83, 0x00, 0x09, 0xb1, 0x02, 0x02, 0xb8,
    0xff, 0x83, 0xb0, 0x35, 0x2b, 0x00, 0xff, 0xff, 0x00, 0x7d, 0x00, 0x00, 0x02, 0x71, 0x03, 0xe8,
    0x02, 0x26, 0x00, 0x30, 0x00, 0x00, 0x00, 0x06, 0x00, 0xd7, 0x7d, 0x00, 0x00, 0x03, 0x00, 0x7d,
    0x00, 0x00, 0x02, 0xee, 0x02, 0x71, 0x00, 0x0b, 0x00, 0x0f, 0x00, 0x13, 0x00, 0x45, 0x40, 0x42,
    0x08, 0x01, 0x03, 0x0c, 0x09, 0x02, 0x00, 0x04, 0x03, 0x00, 0x67, 0x0b, 0x07, 0x02, 0x01, 0x01,
    0x02, 0x5f, 0x06, 0x01, 0x02, 0x02, 0x15, 0x4d, 0x00, 0x04, 0x04, 0x05, 0x5f, 0x0a, 0x01, 0x05,
    0x05, 0x16, 0x05, 0x4e, 0x10, 0x10, 0x0c, 0x0c, 0x00, 0x00, 0x10, 0x13, 0x10, 0x13, 0x12, 0x11,
    0x0c, 0x0f, 0x0c, 0x0f, 0x0e, 0x0d, 0x00, 0x0b, 0x00, 0x0b, 0x11, 0x11, 0x11, 0x11, 0x11, 0x0d,
    0x07, 0x1b, 0x2b, 0x21, 0x35, 0x23, 0x35, 0x23, 0x35, 0x33, 0x15, 0x33, 0x15, 0x33, 0x15, 0x13,
    0x35, 0x33, 0x15, 0x07, 0x35, 0x33, 0x15, 0x01, 0x77, 0x7d, 0x7d, 0x7d, 0x7d, 0x7d, 0x7d, 0x7d,
    0xfa, 0x7d, 0x7d, 0xfa, 0xfa, 0xfa, 0xfa, 0x7d, 0x01, 0x77, 0xfa, 0xfa, 0xfa, 0xfa, 0xfa, 0x00,
    0x00, 0x03, 0x00, 0x7d, 0x00, 0x00, 0x02, 0xee, 0x02, 0x71, 0x00, 0x07, 0x00, 0x0b, 0x00, 0x13,
    0x00, 0x46, 0x40, 0x43, 0x00, 0x07, 0x00, 0x00, 0x07, 0x57, 0x06, 0x0b, 0x05, 0x03, 0x00, 0x00,
    0x01, 0x5f, 0x04, 0x01, 0x01, 0x01, 0x15, 0x4d, 0x08, 0x01, 0x02, 0x02, 0x03, 0x5f, 0x0c, 0x09,
    0x0a, 0x03, 0x03, 0x03, 0x16, 0x03, 0x4e, 0x0c, 0x0c, 0x08, 0x08, 0x00, 0x00, 0x0c, 0x13, 0x0c,
    0x13, 0x12, 0x11, 0x10, 0x0f, 0x0e, 0x0d, 0x08, 0x0b, 0x08, 0x0b, 0x0a, 0x09, 0x00, 0x07, 0x00,
    0x07, 0x11, 0x11, 0x11, 0x0d, 0x07, 0x19, 0x2b, 0x33, 0x35, 0x23, 0x11, 0x33, 0x11, 0x33, 0x15,
    0x37, 0x11, 0x33, 0x11, 0x07, 0x35, 0x23, 0x11, 0x33, 0x11, 0x33, 0x15, 0xfa, 0x7d, 0x7d, 0x7d,
    0xfa, 0x7d, 0xfa, 0x7d, 0x7d, 0x7d, 0x7d, 0x01, 0xf4, 0xfe, 0x0c, 0x7d, 0x7d, 0x01, 0xf4, 0xfe,
    0x0c, 0x7d, 0x7d, 0x01, 0x77, 0xfe, 0x89, 0x7d, 0x00, 0x04, 0x00, 0x7d, 0x00, 0x00, 0x02, 0xee,
    0x02, 0x71, 0x00, 0x13, 0x00, 0x1b, 0x00, 0x1f, 0x00, 0x23, 0x00, 0x6a, 0x40, 0x67, 0x0a, 0x01,
    0x05, 0x13, 0x0d, 0x02, 0x02, 0x06, 0x05, 0x02, 0x67, 0x00, 0x06, 0x00, 0x01, 0x07, 0x06, 0x01,
    0x67, 0x0e, 0x01, 0x07, 0x14, 0x0f, 0x02, 0x00, 0x08, 0x07, 0x00, 0x67, 0x0c, 0x01, 0x03, 0x03,
    0x04, 0x5f, 0x0b, 0x01, 0x04, 0x04, 0x15, 0x4d, 0x10, 0x01, 0x08, 0x08, 0x09, 0x5f, 0x15, 0x11,
    0x12, 0x03, 0x09, 0x09, 0x16, 0x09, 0x4e, 0x20, 0x20, 0x1c, 0x1c, 0x14, 0x14, 0x00, 0x00, 0x20,
    0x23, 0x20, 0x23, 0x22, 0x21, 0x1c, 0x1f, 0x1c, 0x1f, 0x1e, 0x1d, 0x14, 0x1b, 0x14, 0x1b, 0x1a,
    0x19, 0x18, 0x17, 0x16, 0x15, 0x00, 0x13, 0x00, 0x13, 0x11, 0x11, 0x11, 0x11, 0x11, 0x11, 0x11,
    0x11, 0x11, 0x16, 0x07, 0x1f, 0x2b, 0x21, 0x35, 0x23, 0x35, 0x23, 0x35, 0x23, 0x35, 0x23, 0x35,
    0x33, 0x15, 0x33, 0x15, 0x33, 0x15, 0x33, 0x15, 0x33, 0x15, 0x03, 0x35, 0x33, 0x35, 0x33, 0x15,
    0x23, 0x15, 0x05, 0x35, 0x33, 0x15, 0x07, 0x35, 0x33, 0x15, 0x02, 0x71, 0x7d, 0x7d, 0x7d, 0x7d,
    0x7d, 0x7d, 0x7d, 0x7d, 0x7d, 0xfa, 0x7d, 0x7d, 0x7d, 0xfe, 0x89, 0x7d, 0xfa, 0x7d, 0x7d, 0x7d,
    0x7d, 0x7d, 0x7d, 0x7d, 0x7d, 0x7d, 0x7d, 0x7d, 0x01, 0x77, 0x7d, 0x7d, 0x7d, 0x7d, 0xfa, 0x7d,
    0x7d, 0x7d, 0x7d, 0x7d, 0x00, 0x03, 0x00, 0x7d, 0x00, 0x00, 0x02, 0xee, 0x02, 0x71, 0x00, 0x0b,
    0x00, 0x0f, 0x00, 0x13, 0x00, 0x45, 0x40, 0x42, 0x08, 0x01, 0x03, 0x0c, 0x09, 0x02, 0x00, 0x04,
    0x03, 0x00, 0x67, 0x0b, 0x07, 0x02, 0x01, 0x01, 0x02, 0x5f, 0x06, 0x01, 0x02, 0x02, 0x15, 0x4d,
    0x00, 0x04, 0x04, 0x05, 0x5f, 0x0a, 0x01, 0x05, 0x05, 0x16, 0x05, 0x4e, 0x10, 0x10, 0x0c, 0x0c,
    0x00, 0x00, 0x10, 0x13, 0x10, 0x13, 0x12, 0x11, 0x0c, 0x0f, 0x0c, 0x0f, 0x0e, 0x0d, 0x00, 0x0b,
    0x00, 0x0b, 0x11, 0x11, 0x11, 0x11, 0x11, 0x0d, 0x07, 0x1b, 0x2b, 0x21, 0x11, 0x23, 0x35, 0x23,
    0x35, 0x33, 0x15, 0x33, 0x15, 0x33, 0x11, 0x13, 0x35, 0x33, 0x15, 0x07, 0x35, 0x33, 0x15, 0x01,
    0x77, 0x7d, 0x7d, 0x7d, 0x7d, 0x7d, 0x7d, 0x7d, 0xfa, 0x7d, 0x01, 0x77, 0x7d, 0x7d, 0x7d, 0x7d,
    0xfe, 0x89, 0x01, 0xf4, 0x7d, 0x7d, 0x7d, 0x7d, 0x7d, 0x00, 0xff, 0xff, 0x00, 0x7d, 0x00, 0x00,
    0x02, 0xee, 0x03, 0xe8, 0x02, 0x26, 0x00, 0x38, 0x00, 0x00, 0x00, 0x07, 0x00, 0xd8, 0x00, 0xbc,
    0x00, 0x00, 0xff, 0xff, 0x00, 0x7d, 0x00, 0x00, 0x02, 0xee, 0x03, 0x6b, 0x02, 0x26, 0x00, 0x38,
    0x00, 0x00, 0x01, 0x06, 0x00, 0xd6, 0x7d, 0x83, 0x00, 0x09, 0xb1, 0x03, 0x02, 0xb8, 0xff, 0x83,
    0xb0, 0x35, 0x2b, 0x00, 0x00, 0x03, 0x00, 0x7d, 0x00, 0x00, 0x01, 0xf4, 0x02, 0x71, 0x00, 0x05,
    0x00, 0x09, 0x00, 0x0f, 0x00, 0x89, 0x4b, 0xb0, 0x0a, 0x50, 0x58, 0x40, 0x2e, 0x08, 0x01, 0x02,
    0x00, 0x03, 0x00, 0x02, 0x72, 0x00, 0x05, 0x04, 0x06, 0x06, 0x05, 0x72, 0x00, 0x03, 0x09, 0x01,
    0x04, 0x05, 0x03, 0x04, 0x67, 0x00, 0x00, 0x00, 0x01, 0x5f, 0x00, 0x01, 0x01, 0x15, 0x4d, 0x00,
    0x06, 0x06, 0x07, 0x60, 0x0a, 0x01, 0x07, 0x07, 0x16, 0x07, 0x4e, 0x1b, 0x40, 0x30, 0x08, 0x01,
    0x02, 0x00, 0x03, 0x00, 0x02, 0x03, 0x80, 0x00, 0x05, 0x04, 0x06, 0x04, 0x05, 0x06, 0x80, 0x00,
    0x03, 0x09, 0x01, 0x04, 0x05, 0x03, 0x04, 0x67, 0x00, 0x00, 0x00, 0x01, 0x5f, 0x00, 0x01, 0x01,
    0x15, 0x4d, 0x00, 0x06, 0x06, 0x07, 0x60, 0x0a, 0x01, 0x07, 0x07, 0x16, 0x07, 0x4e, 0x59, 0x40,
    0x1d, 0x0a, 0x0a, 0x06, 0x06, 0x00, 0x00, 0x0a, 0x0f, 0x0a, 0x0f, 0x0e, 0x0d, 0x0c, 0x0b, 0x06,
    0x09, 0x06, 0x09, 0x08, 0x07, 0x00, 0x05, 0x00, 0x05, 0x11, 0x11, 0x0b, 0x07, 0x18, 0x2b, 0x01,
    0x35, 0x23, 0x35, 0x21, 0x15, 0x07, 0x35, 0x33, 0x15, 0x07, 0x35, 0x33, 0x15, 0x33, 0x15, 0x01,
    0x77, 0xfa, 0x01, 0x77, 0xfa, 0x7d, 0xfa, 0x7d, 0xfa, 0x01, 0x77, 0x7d, 0x7d, 0xfa, 0x7d, 0x7d,
    0x7d, 0xfa, 0xfa, 0x7d, 0x7d, 0x00, 0x00, 0x05, 0x00, 0x7d, 0x00, 0x00, 0x01, 0xf4, 0x03, 0xe8,
    0x00, 0x03, 0x00, 0x0b, 0x00, 0x11, 0x00, 0x15, 0x00, 0x1b, 0x00, 0xbc, 0x4b, 0xb0, 0x0a, 0x50,
    0x58, 0x40, 0x41, 0x0f, 0x01, 0x08, 0x06, 0x09, 0x06, 0x08, 0x72, 0x00, 0x0b, 0x0a, 0x0c, 0x0c,
    0x0b, 0x72, 0x03, 0x01, 0x01, 0x02, 0x01, 0x00, 0x04, 0x01, 0x00, 0x67, 0x00, 0x04, 0x0e, 0x01,
    0x05, 0x07, 0x04, 0x05, 0x67, 0x00, 0x09, 0x10, 0x01, 0x0a, 0x0b, 0x09, 0x0a, 0x67, 0x00, 0x06,
    0x06, 0x07, 0x5f, 0x00, 0x07, 0x07, 0x15, 0x4d, 0x00, 0x0c, 0x0c, 0x0d, 0x60, 0x11, 0x01, 0x0d,
    0x0d, 0x16, 0x0d, 0x4e, 0x1b, 0x40, 0x43, 0x0f, 0x01, 0x08, 0x06, 0x09, 0x06, 0x08, 0x09, 0x80,
    0x00, 0x0b, 0x0a, 0x0c, 0x0a, 0x0b, 0x0c, 0x80, 0x03, 0x01, 0x01, 0x02, 0x01, 0x00, 0x04, 0x01,
    0x00, 0x67, 0x00, 0x04, 0x0e, 0x01, 0x05, 0x07, 0x04, 0x05, 0x67, 0x00, 0x09, 0x10, 0x01, 0x0a,
    0x0b, 0x09, 0x0a, 0x67, 0x00, 0x06, 0x06, 0x07, 0x5f, 0x00, 0x07, 0x07, 0x15, 0x4d, 0x00, 0x0c,
    0x0c, 0x0d, 0x60, 0x11, 0x01, 0x0d, 0x0d, 0x16, 0x0d, 0x4e, 0x59, 0x40, 0x2a, 0x16, 0x16, 0x12,
    0x12, 0x0c, 0x0c, 0x04, 0x04, 0x16, 0x1b, 0x16, 0x1b, 0x1a, 0x19, 0x18, 0x17, 0x12, 0x15, 0x12,
    0x15, 0x14, 0x13, 0x0c, 0x11, 0x0c, 0x11, 0x10, 0x0f, 0x0e, 0x0d, 0x04, 0x0b, 0x04, 0x0b, 0x11,
    0x11, 0x12, 0x11, 0x10, 0x12, 0x07, 0x1b, 0x2b, 0x01, 0x23, 0x35, 0x33, 0x07, 0x35, 0x23, 0x35,
    0x33, 0x15, 0x33, 0x15, 0x11, 0x35, 0x23, 0x35, 0x21, 0x15, 0x07, 0x35, 0x33, 0x15, 0x07, 0x35,
    0x33, 0x15, 0x33, 0x15, 0x01, 0xf4, 0x7d, 0x7d, 0xfa, 0x7d, 0x7d, 0x7d, 0xfa, 0x01, 0x77, 0xfa,
    0x7d, 0xfa, 0x7d, 0xfa, 0x03, 0x6b, 0x7d, 0xfa, 0x7d, 0x7d, 0x7d, 0x7d, 0xfe, 0x89, 0x7d, 0x7d,
    0xfa, 0x7d, 0x7d, 0x7d, 0xfa, 0xfa, 0x7d, 0x7d, 0x00, 0x02, 0x00, 0x7d, 0x00, 0x00, 0x02, 0x71,
    0x02, 0x71, 0x00, 0x0b, 0x00, 0x0f, 0x00, 0x35, 0x40, 0x32, 0x00, 0x06, 0x00, 0x04, 0x03, 0x06,
    0x04, 0x67, 0x00, 0x07, 0x07, 0x01, 0x5f, 0x00, 0x01, 0x01, 0x15, 0x4d, 0x02, 0x01, 0x00, 0x00,
    0x03, 0x5f, 0x08, 0x05, 0x02, 0x03, 0x03, 0x16, 0x03, 0x4e, 0x00, 0x00, 0x0f, 0x0e, 0x0d, 0x0c,
    0x00, 0x0b, 0x00, 0x0b, 0x11, 0x11, 0x11, 0x11, 0x11, 0x09, 0x07, 0x1b, 0x2b, 0x33, 0x11, 0x33,
    0x35, 0x33, 0x15, 0x33, 0x11, 0x23, 0x35, 0x23, 0x15, 0x11, 0x33, 0x35, 0x23, 0x7d, 0x7d, 0xfa,
    0x7d, 0x7d, 0xfa, 0xfa, 0xfa, 0x01, 0xf4, 0x7d, 0x7d, 0xfe, 0x0c, 0xfa, 0xfa, 0x01, 0x77, 0x78,
    0xff, 0xff, 0x00, 0x7d, 0x00, 0x00, 0x02, 0x71, 0x03, 0xe8, 0x02, 0x26, 0x00, 0x3d, 0x00, 0x00,
    0x00, 0x06, 0x00, 0xd8, 0x7d, 0x00, 0x00, 0x03, 0x00, 0x7d, 0x00, 0x00, 0x02, 0x71, 0x03, 0xe8,
    0x00, 0x0b, 0x00, 0x17, 0x00, 0x1b, 0x00, 0x58, 0x40, 0x55, 0x00, 0x01, 0x00, 0x04, 0x00, 0x01,
    0x04, 0x67, 0x02, 0x01, 0x00, 0x0e, 0x05, 0x02, 0x03, 0x07, 0x00, 0x03, 0x67, 0x00, 0x0c, 0x00,
    0x0a, 0x09, 0x0c, 0x0a, 0x67, 0x00, 0x0d, 0x0d, 0x07, 0x5f, 0x00, 0x07, 0x07, 0x15, 0x4d, 0x08,
    0x01, 0x06, 0x06, 0x09, 0x5f, 0x0f, 0x0b, 0x02, 0x09, 0x09, 0x16, 0x09, 0x4e, 0x0c, 0x0c, 0x00,
    0x00, 0x1b, 0x1a, 0x19, 0x18, 0x0c, 0x17, 0x0c, 0x17, 0x16, 0x15, 0x14, 0x13, 0x12, 0x11, 0x10,
    0x0f, 0x0e, 0x0d, 0x00, 0x0b, 0x00, 0x0b, 0x11, 0x11, 0x11, 0x11, 0x11, 0x10, 0x07, 0x1b, 0x2b,
    0x13, 0x35, 0x33, 0x35, 0x33, 0x15, 0x33, 0x15, 0x23, 0x35, 0x23, 0x15, 0x03, 0x11, 0x33, 0x35,
    0x33, 0x15, 0x33, 0x11, 0x23, 0x35, 0x23, 0x15, 0x11, 0x33, 0x35, 0x23, 0x7d, 0x7d, 0xfa, 0x7d,
    0x7d, 0xfa, 0x7d, 0x7d, 0xfa, 0x7d, 0x7d, 0xfa, 0xfa, 0xfa, 0x02, 0xee, 0x7d, 0x7d, 0x7d, 0x7d,
    0x7d, 0x7d, 0xfd, 0x12, 0x01, 0xf4, 0x7d, 0x7d, 0xfe, 0x0c, 0xfa, 0xfa, 0x01, 0x77, 0x78, 0x00,
    0x00, 0x04, 0x00, 0x7d, 0x00, 0x00, 0x02, 0x71, 0x03, 0x6b, 0x00, 0x03, 0x00, 0x07, 0x00, 0x13,
    0x00, 0x17, 0x00, 0x55, 0x40, 0x52, 0x02, 0x01, 0x00, 0x0d, 0x03, 0x0c, 0x03, 0x01, 0x05, 0x00,
    0x01, 0x67, 0x00, 0x0a, 0x00, 0x08, 0x07, 0x0a, 0x08, 0x67, 0x00, 0x0b, 0x0b, 0x05, 0x5f, 0x00,
    0x05, 0x05, 0x15, 0x4d, 0x06, 0x01, 0x04, 0x04, 0x07, 0x5f, 0x0e, 0x09, 0x02, 0x07, 0x07, 0x16,
    0x07, 0x4e, 0x08, 0x08, 0x04, 0x04, 0x00, 0x00, 0x17, 0x16, 0x15, 0x14, 0x08, 0x13, 0x08, 0x13,
    0x12, 0x11, 0x10, 0x0f, 0x0e, 0x0d, 0x0c, 0x0b, 0x0a, 0x09, 0x04, 0x07, 0x04, 0x07, 0x06, 0x05,
    0x00, 0x03, 0x00, 0x03, 0x11, 0x0f, 0x07, 0x17, 0x2b, 0x01, 0x35, 0x33, 0x15, 0x21, 0x35, 0x33,
    0x15, 0x03, 0x11, 0x33, 0x35, 0x33, 0x15, 0x33, 0x11, 0x23, 0x35, 0x23, 0x15, 0x11, 0x33, 0x35,
    0x23, 0x01, 0xf4, 0x7d, 0xfe, 0x0c, 0x7d, 0x7d, 0x7d, 0xfa, 0x7d, 0x7d, 0xfa, 0xfa, 0xfa, 0x02,
    0xee, 0x7d, 0x7d, 0x7d, 0x7d, 0xfd, 0x12, 0x01, 0xf4, 0x7d, 0x7d, 0xfe, 0x0c, 0xfa, 0xfa, 0x01,
    0x77, 0x78, 0xff, 0xff, 0x00, 0x7d, 0x00, 0x00, 0x02, 0x71, 0x03, 0xe8, 0x02, 0x26, 0x00, 0x3d,
    0x00, 0x00, 0x00, 0x06, 0x00, 0xd7, 0x7d, 0x00, 0x00, 0x04, 0x00, 0x7d, 0x00, 0x00, 0x02, 0x71,
    0x03, 0xe8, 0x00, 0x03, 0x00, 0x0b, 0x00, 0x17, 0x00, 0x1b, 0x00, 0x58, 0x40, 0x55, 0x03, 0x01,
    0x01, 0x02, 0x01, 0x00, 0x04, 0x01, 0x00, 0x67, 0x00, 0x04, 0x0e, 0x01, 0x05, 0x07, 0x04, 0x05,
    0x67, 0x00, 0x0c, 0x00, 0x0a, 0x09, 0x0c, 0x0a, 0x67, 0x00, 0x0d, 0x0d, 0x07, 0x5f, 0x00, 0x07,
    0x07, 0x15, 0x4d, 0x08, 0x01, 0x06, 0x06, 0x09, 0x5f, 0x0f, 0x0b, 0x02, 0x09, 0x09, 0x16, 0x09,
    0x4e, 0x0c, 0x0c, 0x04, 0x04, 0x1b, 0x1a, 0x19, 0x18, 0x0c, 0x17, 0x0c, 0x17, 0x16, 0x15, 0x14,
    0x13, 0x12, 0x11, 0x10, 0x0f, 0x0e, 0x0d, 0x04, 0x0b, 0x04, 0x0b, 0x11, 0x11, 0x12, 0x11, 0x10,
    0x10, 0x07, 0x1b, 0x2b, 0x01, 0x23, 0x35, 0x33, 0x05, 0x35, 0x23, 0x35, 0x33, 0x15, 0x33, 0x15,
    0x01, 0x11, 0x33, 0x35, 0x33, 0x15, 0x33, 0x11, 0x23, 0x35, 0x23, 0x15, 0x11, 0x33, 0x35, 0x23,
    0x02, 0x71, 0x7d, 0x7d, 0xfe, 0x89, 0x7d, 0x7d, 0xfa, 0xfe, 0x89, 0x7d, 0xfa, 0x7d, 0x7d, 0xfa,
    0xfa, 0xfa, 0x03, 0x6b, 0x7d, 0xfa, 0x7d, 0x7d, 0x7d, 0x7d, 0xfd, 0x12, 0x01, 0xf4, 0x7d, 0x7d,
    0xfe, 0x0c, 0xfa, 0xfa, 0x01, 0x77, 0x78, 0x00, 0xff, 0xff, 0x00, 0x7d, 0x00, 0x00, 0x02, 0x71,
    0x03, 0xe8, 0x02, 0x26, 0x00, 0x3d, 0x00, 0x00, 0x00, 0x06, 0x00, 0xda, 0x00, 0x00, 0x00, 0x02,
    0x00, 0x7d, 0x00, 0x00, 0x02, 0xee, 0x02, 0x71, 0x00, 0x11, 0x00, 0x15, 0x00, 0x85, 0x4b, 0xb0,
    0x2e, 0x50, 0x58, 0x40, 0x2e, 0x09, 0x01, 0x03, 0x07, 0x01, 0x04, 0x05, 0x03, 0x04, 0x67, 0x0a,
    0x01, 0x02, 0x02, 0x01, 0x5f, 0x00, 0x01, 0x01, 0x15, 0x4d, 0x00, 0x00, 0x00, 0x06, 0x5f, 0x0b,
    0x08, 0x02, 0x06, 0x06, 0x16, 0x4d, 0x00, 0x05, 0x05, 0x06, 0x5f, 0x0b, 0x08, 0x02, 0x06, 0x06,
    0x16, 0x06, 0x4e, 0x1b, 0x40, 0x34, 0x00, 0x0a, 0x00, 0x03, 0x02, 0x0a, 0x72, 0x09, 0x01, 0x03,
    0x07, 0x01, 0x04, 0x05, 0x03, 0x04, 0x67, 0x00, 0x02, 0x02, 0x01, 0x5f, 0x00, 0x01, 0x01, 0x15,
    0x4d, 0x00, 0x00, 0x00, 0x06, 0x5f, 0x0b, 0x08, 0x02, 0x06, 0x06, 0x16, 0x4d, 0x00, 0x05, 0x05,
    0x06, 0x5f, 0x0b, 0x08, 0x02, 0x06, 0x06, 0x16, 0x06, 0x4e, 0x59, 0x40, 0x15, 0x00, 0x00, 0x15,
    0x14, 0x13, 0x12, 0x00, 0x11, 0x00, 0x11, 0x11, 0x11, 0x11, 0x11, 0x11, 0x11, 0x11, 0x11, 0x0c,
    0x07, 0x1e, 0x2b, 0x33, 0x11, 0x33, 0x35, 0x21, 0x15, 0x23, 0x15, 0x33, 0x15, 0x23, 0x15, 0x33,
    0x15, 0x21, 0x35, 0x23, 0x15, 0x11, 0x33, 0x35, 0x23, 0x7d, 0x7d, 0x01, 0xf4, 0xfa, 0xfa, 0xfa,
    0xfa, 0xfe, 0x89, 0x7d, 0x7d, 0x7d, 0x01, 0xf4, 0x7d, 0x7d, 0x7d, 0x7d, 0x7d, 0x7d, 0xfa, 0xfa,
    0x01, 0x77, 0x78, 0x00, 0x00, 0x02, 0x00, 0x7d, 0x00, 0x00, 0x01, 0xf4, 0x02, 0x71, 0x00, 0x0f,
    0x00, 0x13, 0x00, 0x00, 0x33, 0x23, 0x3d, 0x04, 0x33, 0x15, 0x15, 0x33, 0x33, 0x1d, 0x02, 0x23,
    0x27, 0x33, 0x35, 0x23, 0xfa, 0x7d, 0x7d, 0x7d, 0x7d, 0x7d, 0x7d, 0x7d, 0x7d, 0x7d, 0x7d, 0x7d,
    0x7d, 0x7d, 0x7d, 0x7d, 0x7d, 0x7d, 0x7d, 0x7d, 0x7d, 0x00, 0x00, 0x03, 0x00, 0x7d, 0x00, 0x00,
    0x02, 0x71, 0x02, 0x71, 0x00, 0x07, 0x00, 0x0f, 0x00, 0x13, 0x00, 0x4d, 0x40, 0x4a, 0x05, 0x01,
    0x02, 0x0a, 0x01, 0x03, 0x08, 0x02, 0x03, 0x67, 0x00, 0x08, 0x0c, 0x09, 0x02, 0x04, 0x06, 0x08,
    0x04, 0x67, 0x00, 0x00, 0x00, 0x01, 0x5f, 0x00, 0x01, 0x01, 0x15, 0x4d, 0x00, 0x06, 0x06, 0x07,
    0x5f, 0x0b, 0x01, 0x07, 0x07, 0x16, 0x07, 0x4e, 0x10, 0x10, 0x08, 0x08, 0x00, 0x00, 0x10, 0x13,
    0x10, 0x13, 0x12, 0x11, 0x08, 0x0f, 0x08, 0x0f, 0x0e, 0x0d, 0x0c, 0x0b, 0x0a, 0x09, 0x00, 0x07,
    0x00, 0x07, 0x11, 0x11, 0x11, 0x0d, 0x07, 0x19, 0x2b, 0x01, 0x35, 0x23, 0x35, 0x33, 0x15, 0x33,
    0x15, 0x01, 0x35, 0x23, 0x11, 0x33, 0x11, 0x33, 0x15, 0x35, 0x35, 0x33, 0x15, 0x01, 0xf4, 0xfa,
    0xfa, 0x7d, 0xfe, 0x89, 0x7d, 0x7d, 0xfa, 0x7d, 0x01, 0x77, 0x7d, 0x7d, 0x7d, 0x7d, 0xfe, 0x89,
    0x7d, 0x01, 0x77, 0xfe, 0x89, 0x7d, 0x7d, 0x7d, 0x7d, 0x00, 0xff, 0xff, 0x00, 0x7d, 0xff, 0x06,
    0x02, 0x71, 0x02, 0x71, 0x02, 0x26, 0x00, 0x46, 0x00, 0x00, 0x00, 0x06, 0x00, 0xdc, 0xf6, 0x00,
    0x00, 0x02, 0x00, 0x7d, 0x00, 0x00, 0x02, 0x71, 0x02, 0x71, 0x00, 0x07, 0x00, 0x0b, 0x00, 0x31,
    0x40, 0x2e, 0x00, 0x01, 0x00, 0x02, 0x04, 0x01, 0x02, 0x67, 0x00, 0x05, 0x05, 0x00, 0x5f, 0x00,
    0x00, 0x00, 0x15, 0x4d, 0x00, 0x04, 0x04, 0x03, 0x5f, 0x06, 0x01, 0x03, 0x03, 0x16, 0x03, 0x4e,
    0x00, 0x00, 0x0b, 0x0a, 0x09, 0x08, 0x00, 0x07, 0x00, 0x07, 0x11, 0x11, 0x11, 0x07, 0x07, 0x19,
    0x2b, 0x33, 0x11, 0x21, 0x15, 0x33, 0x11, 0x23, 0x15, 0x27, 0x33, 0x11, 0x23, 0x7d, 0x01, 0x77,
    0x7d, 0x7d, 0xfa, 0xf5, 0xf5, 0x02, 0x71, 0x7d, 0xfe, 0x89, 0x7d, 0x7d, 0x01, 0x77, 0x00, 0x02,
    0x00, 0x7d, 0x00, 0x00, 0x02, 0xee, 0x02, 0x71, 0x00, 0x0b, 0x00, 0x13, 0x00, 0x41, 0x40, 0x3e,
    0x08, 0x01, 0x01, 0x09, 0x01, 0x00, 0x04, 0x01, 0x00, 0x67, 0x00, 0x03, 0x00, 0x04, 0x06, 0x03,
    0x04, 0x67, 0x00, 0x07, 0x07, 0x02, 0x5f, 0x00, 0x02, 0x02, 0x15, 0x4d, 0x00, 0x06, 0x06, 0x05,
    0x5f, 0x0a, 0x01, 0x05, 0x05, 0x16, 0x05, 0x4e, 0x00, 0x00, 0x13, 0x12, 0x11, 0x10, 0x0f, 0x0e,
    0x0d, 0x0c, 0x00, 0x0b, 0x00, 0x0b, 0x11, 0x11, 0x11, 0x11, 0x11, 0x0b, 0x07, 0x1b, 0x2b, 0x33,
    0x35, 0x23, 0x35, 0x33, 0x35, 0x21, 0x15, 0x33, 0x11, 0x23, 0x15, 0x27, 0x33, 0x11, 0x23, 0x15,
    0x33, 0x15, 0x23, 0xfa, 0x7d, 0x7d, 0x01, 0x77, 0x7d, 0x7d, 0xfa, 0xf5, 0xf5, 0x7d, 0x7d, 0xfa,
    0x7d, 0xfa, 0x7d, 0xfe, 0x89, 0x7d, 0x7d, 0x01, 0x77, 0x7d, 0x7d, 0x00, 0x00, 0x01, 0x00, 0x7d,
    0x00, 0x00, 0x01, 0xf4, 0x02, 0x71, 0x00, 0x0b, 0x00, 0x2f, 0x40, 0x2c, 0x00, 0x02, 0x00, 0x03,
    0x04, 0x02, 0x03, 0x67, 0x00, 0x01, 0x01, 0x00, 0x5f, 0x00, 0x00, 0x00, 0x15, 0x4d, 0x00, 0x04,
    0x04, 0x05, 0x5f, 0x06, 0x01, 0x05, 0x05, 0x16, 0x05, 0x4e, 0x00, 0x00, 0x00, 0x0b, 0x00, 0x0b,
    0x11, 0x11, 0x11, 0x11, 0x11, 0x07, 0x07, 0x1b, 0x2b, 0x33, 0x11, 0x21, 0x15, 0x23, 0x15, 0x33,
    0x15, 0x23, 0x15, 0x33, 0x15, 0x7d, 0x01, 0x77, 0xfa, 0xfa, 0xfa, 0xfa, 0x02, 0x71, 0x7d, 0x7d,
    0x7d, 0x7d, 0x7d, 0x00, 0xff, 0xff, 0x00, 0x7d, 0x00, 0x00, 0x01, 0xf4, 0x03, 0xe8, 0x02, 0x26,
    0x00, 0x4a, 0x00, 0x00, 0x00, 0x06, 0x00, 0xd8, 0x7d, 0x00, 0xff, 0xff, 0x00, 0x7d, 0x00, 0x00,
    0x01, 0xf4, 0x03, 0xe8, 0x02, 0x26, 0x00, 0x4a, 0x00, 0x00, 0x00, 0x06, 0x00, 0xd9, 0x00, 0x00,
    0xff, 0xff, 0x00, 0x7d, 0x00, 0x00, 0x01, 0xf4, 0x03, 0x6b, 0x02, 0x26, 0x00, 0x4a, 0x00, 0x00,
    0x01, 0x06, 0x00, 0xd6, 0x00, 0x83, 0x00, 0x09, 0xb1, 0x01, 0x02, 0xb8, 0xff, 0x83, 0xb0, 0x35,
    0x2b, 0x00, 0xff, 0xff, 0x00, 0x7d, 0x00, 0x00, 0x01, 0xf4, 0x03, 0xe8, 0x02, 0x26, 0x00, 0x4a,
    0x00, 0x00, 0x00, 0x06, 0x00, 0xd7, 0x00, 0x00, 0x00, 0x01, 0x00, 0x7d, 0x00, 0x00, 0x01, 0xf4,
    0x02, 0x71, 0x00, 0x09, 0x00, 0x29, 0x40, 0x26, 0x00, 0x02, 0x00, 0x03, 0x04, 0x02, 0x03, 0x67,
    0x00, 0x01, 0x01, 0x00, 0x5f, 0x00, 0x00, 0x00, 0x15, 0x4d, 0x05, 0x01, 0x04, 0x04, 0x16, 0x04,
    0x4e, 0x00, 0x00, 0x00, 0x09, 0x00, 0x09, 0x11, 0x11, 0x11, 0x11, 0x06, 0x07, 0x1a, 0x2b, 0x33,
    0x11, 0x21, 0x15, 0x23, 0x15, 0x33, 0x15, 0x23, 0x15, 0x7d, 0x01, 0x77, 0xfa, 0xfa, 0xfa, 0x02,
    0x71, 0x7d, 0x7d, 0x7d, 0xfa, 0x00, 0x00, 0x04, 0x00, 0x7d, 0x00, 0x00, 0x02, 0x71, 0x02, 0x71,
    0x00, 0x03, 0x00, 0x07, 0x00, 0x0d, 0x00, 0x11, 0x00, 0x51, 0x40, 0x4e, 0x00, 0x05, 0x00, 0x04,
    0x03, 0x05, 0x04, 0x67, 0x00, 0x02, 0x0b, 0x06, 0x0a, 0x03, 0x03, 0x07, 0x02, 0x03, 0x67, 0x09,
    0x01, 0x01, 0x01, 0x00, 0x5f, 0x00, 0x00, 0x00, 0x15, 0x4d, 0x00, 0x07, 0x07, 0x08, 0x5f, 0x0c,
    0x01, 0x08, 0x08, 0x16, 0x08, 0x4e, 0x0e, 0x0e, 0x08, 0x08, 0x04, 0x04, 0x00, 0x00, 0x0e, 0x11,
    0x0e, 0x11, 0x10, 0x0f, 0x08, 0x0d, 0x08, 0x0d, 0x0c, 0x0b, 0x0a, 0x09, 0x04, 0x07, 0x04, 0x07,
    0x06, 0x05, 0x00, 0x03, 0x00, 0x03, 0x11, 0x0d, 0x07, 0x17, 0x2b, 0x13, 0x35, 0x21, 0x15, 0x01,
    0x11, 0x33, 0x11, 0x33, 0x35, 0x23, 0x35, 0x33, 0x15, 0x05, 0x35, 0x33, 0x15, 0xfa, 0x01, 0x77,
    0xfe, 0x0c, 0x7d, 0xfa, 0x7d, 0xfa, 0xfe, 0x89, 0xfa, 0x01, 0xf4, 0x7d, 0x7d, 0xfe, 0x89, 0x01,
    0x77, 0xfe, 0x89, 0x7d, 0x7d, 0xfa, 0x7d, 0x7d, 0x7d, 0x00, 0x00, 0x01, 0x00, 0x7d, 0x00, 0x00,
    0x02, 0x71, 0x02, 0x71, 0x00, 0x0b, 0x00, 0x27, 0x40, 0x24, 0x00, 0x01, 0x00, 0x04, 0x03, 0x01,
    0x04, 0x67, 0x02, 0x01, 0x00, 0x00, 0x15, 0x4d, 0x06, 0x05, 0x02, 0x03, 0x03, 0x16, 0x03, 0x4e,
    0x00, 0x00, 0x00, 0x0b, 0x00, 0x0b, 0x11, 0x11, 0x11, 0x11, 0x11, 0x07, 0x07, 0x1b, 0x2b, 0x33,
    0x11, 0x33, 0x15, 0x33, 0x35, 0x33, 0x11, 0x23, 0x35, 0x23, 0x15, 0x7d, 0x7d, 0xfa, 0x7d, 0x7d,
    0xfa, 0x02, 0x71, 0xfa, 0xfa, 0xfd, 0x8f, 0xfa, 0xfa, 0x00, 0x00, 0x01, 0x00, 0x7d, 0x00, 0x00,
    0x00, 0xfa, 0x02, 0x71, 0x00, 0x03, 0x00, 0x19, 0x40, 0x16, 0x00, 0x00, 0x00, 0x15, 0x4d, 0x02,
    0x01, 0x01, 0x01, 0x16, 0x01, 0x4e, 0x00, 0x00, 0x00, 0x03, 0x00, 0x03, 0x11, 0x03, 0x07, 0x17,
    0x2b, 0x33, 0x11, 0x33, 0x11, 0x7d, 0x7d, 0x02, 0x71, 0xfd, 0x8f, 0x00, 0x00, 0x02, 0x00, 0x7d,
    0x00, 0x00, 0x01, 0x77, 0x03, 0xe8, 0x00, 0x07, 0x00, 0x0b, 0x00, 0x34, 0x40, 0x31, 0x00, 0x01,
    0x00, 0x02, 0x00, 0x01, 0x02, 0x67, 0x00, 0x00, 0x06, 0x01, 0x03, 0x04, 0x00, 0x03, 0x67, 0x00,
    0x04, 0x04, 0x15, 0x4d, 0x07, 0x01, 0x05, 0x05, 0x16, 0x05, 0x4e, 0x08, 0x08, 0x00, 0x00, 0x08,
    0x0b, 0x08, 0x0b, 0x0a, 0x09, 0x00, 0x07, 0x00, 0x07, 0x11, 0x11, 0x11, 0x08, 0x07, 0x19, 0x2b,
    0x13, 0x35, 0x33, 0x35, 0x33, 0x15, 0x23, 0x15, 0x03, 0x11, 0x33, 0x11, 0x7d, 0x7d, 0x7d, 0x7d,
    0x7d, 0x7d, 0x02, 0xee, 0x7d, 0x7d, 0x7d, 0x7d, 0xfd, 0x12, 0x02, 0x71, 0xfd, 0x8f, 0x00, 0x02,
    0x00, 0x00, 0x00, 0x00, 0x01, 0x77, 0x03, 0xe8, 0x00, 0x0b, 0x00, 0x0f, 0x00, 0x38, 0x40, 0x35,
    0x00, 0x01, 0x00, 0x04, 0x00, 0x01, 0x04, 0x67, 0x02, 0x01, 0x00, 0x08, 0x05, 0x02, 0x03, 0x06,
    0x00, 0x03, 0x67, 0x00, 0x06, 0x06, 0x15, 0x4d, 0x09, 0x01, 0x07, 0x07, 0x16, 0x07, 0x4e, 0x0c,
    0x0c, 0x00, 0x00, 0x0c, 0x0f, 0x0c, 0x0f, 0x0e, 0x0d, 0x00, 0x0b, 0x00, 0x0b, 0x11, 0x11, 0x11,
    0x11, 0x11, 0x0a, 0x07, 0x1b, 0x2b, 0x11, 0x35, 0x33, 0x35, 0x33, 0x15, 0x33, 0x15, 0x23, 0x35,
    0x23, 0x15, 0x11, 0x11, 0x33, 0x11, 0x7d, 0x7d, 0x7d, 0x7d, 0x7d, 0x7d, 0x02, 0xee, 0x7d, 0x7d,
    0x7d, 0x7d, 0x7d, 0x7d, 0xfd, 0x12, 0x02, 0x71, 0xfd, 0x8f, 0x00, 0x03, 0x00, 0x00, 0x00, 0x00,
    0x01, 0x77, 0x03, 0x6b, 0x00, 0x03, 0x00, 0x07, 0x00, 0x0b, 0x00, 0x35, 0x40, 0x32, 0x02, 0x01,
    0x00, 0x07, 0x03, 0x06, 0x03, 0x01, 0x04, 0x00, 0x01, 0x67, 0x00, 0x04, 0x04, 0x15, 0x4d, 0x08,
    0x01, 0x05, 0x05, 0x16, 0x05, 0x4e, 0x08, 0x08, 0x04, 0x04, 0x00, 0x00, 0x08, 0x0b, 0x08, 0x0b,
    0x0a, 0x09, 0x04, 0x07, 0x04, 0x07, 0x06, 0x05, 0x00, 0x03, 0x00, 0x03, 0x11, 0x09, 0x07, 0x17,
    0x2b, 0x11, 0x35, 0x33, 0x15, 0x33, 0x35, 0x33, 0x15, 0x03, 0x11, 0x33, 0x11, 0x7d, 0x7d, 0x7d,
    0xfa, 0x7d, 0x02, 0xee, 0x7d, 0x7d, 0x7d, 0x7d, 0xfd, 0x12, 0x02, 0x71, 0xfd, 0x8f, 0x00, 0x02,
    0x00, 0x00, 0x00, 0x00, 0x00, 0xfa, 0x03, 0xe8, 0x00, 0x07, 0x00, 0x0b, 0x00, 0x34, 0x40, 0x31,
    0x00, 0x01, 0x00, 0x00, 0x02, 0x01, 0x00, 0x67, 0x00, 0x02, 0x06, 0x01, 0x03, 0x04, 0x02, 0x03,
    0x67, 0x00, 0x04, 0x04, 0x15, 0x4d, 0x07, 0x01, 0x05, 0x05, 0x16, 0x05, 0x4e, 0x08, 0x08, 0x00,
    0x00, 0x08, 0x0b, 0x08, 0x0b, 0x0a, 0x09, 0x00, 0x07, 0x00, 0x07, 0x11, 0x11, 0x11, 0x08, 0x07,
    0x19, 0x2b, 0x13, 0x35, 0x23, 0x35, 0x33, 0x15, 0x33, 0x15, 0x03, 0x11, 0x33, 0x11, 0x7d, 0x7d,
    0x7d, 0x7d, 0x7d, 0x7d, 0x02, 0xee, 0x7d, 0x7d, 0x7d, 0x7d, 0xfd, 0x12, 0x02, 0x71, 0xfd, 0x8f,
    0x00, 0x02, 0x00, 0x7d, 0x00, 0x00, 0x02, 0x71, 0x02, 0x71, 0x00, 0x03, 0x00, 0x0b, 0x00, 0x37,
    0x40, 0x34, 0x00, 0x03, 0x01, 0x01, 0x03, 0x57, 0x02, 0x06, 0x02, 0x01, 0x01, 0x00, 0x5f, 0x00,
    0x00, 0x00, 0x15, 0x4d, 0x00, 0x04, 0x04, 0x05, 0x5f, 0x07, 0x01, 0x05, 0x05, 0x16, 0x05, 0x4e,
    0x04, 0x04, 0x00, 0x00, 0x04, 0x0b, 0x04, 0x0b, 0x0a, 0x09, 0x08, 0x07, 0x06, 0x05, 0x00, 0x03,
    0x00, 0x03, 0x11, 0x08, 0x07, 0x17, 0x2b, 0x25, 0x11, 0x33, 0x11, 0x05, 0x35, 0x23, 0x35, 0x33,
    0x15, 0x33, 0x15, 0x01, 0xf4, 0x7d, 0xfe, 0x89, 0x7d, 0x7d, 0xfa, 0x7d, 0x01, 0xf4, 0xfe, 0x0c,
    0x7d, 0x7d, 0x7d, 0x7d, 0x7d, 0x00, 0x00, 0x03, 0x00, 0x7d, 0x00, 0x00, 0x02, 0x71, 0x02, 0x71,
    0x00, 0x0f, 0x00, 0x13, 0x00, 0x17, 0x00, 0x55, 0x40, 0x52, 0x00, 0x0a, 0x0e, 0x01, 0x0b, 0x01,
    0x0a, 0x0b, 0x67, 0x00, 0x01, 0x00, 0x06, 0x02, 0x01, 0x06, 0x67, 0x00, 0x02, 0x00, 0x05, 0x03,
    0x02, 0x05, 0x67, 0x0d, 0x01, 0x09, 0x09, 0x00, 0x5f, 0x08, 0x01, 0x00, 0x00, 0x15, 0x4d, 0x00,
    0x03, 0x03, 0x04, 0x5f, 0x0c, 0x07, 0x02, 0x04, 0x04, 0x16, 0x04, 0x4e, 0x14, 0x14, 0x10, 0x10,
    0x00, 0x00, 0x14, 0x17, 0x14, 0x17, 0x16, 0x15, 0x10, 0x13, 0x10, 0x13, 0x12, 0x11, 0x00, 0x0f,
    0x00, 0x0f, 0x11, 0x11, 0x11, 0x11, 0x11, 0x11, 0x11, 0x0f, 0x07, 0x1d, 0x2b, 0x33, 0x11, 0x33,
    0x15, 0x33, 0x15, 0x33, 0x15, 0x33, 0x15, 0x23, 0x35, 0x23, 0x35, 0x23, 0x15, 0x13, 0x35, 0x33,
    0x15, 0x07, 0x35, 0x33, 0x15, 0x7d, 0x7d, 0x7d, 0x7d, 0x7d, 0x7d, 0x7d, 0x7d, 0xfa, 0x7d, 0xfa,
    0x7d, 0x02, 0x71, 0xfa, 0x7d, 0x7d, 0x7d, 0x7d, 0x7d, 0xfa, 0x01, 0xf4, 0x7d, 0x7d, 0x7d, 0x7d,
    0x7d, 0x00, 0x00, 0x01, 0x00, 0x7d, 0x00, 0x00, 0x01, 0xf4, 0x02, 0x71, 0x00, 0x05, 0x00, 0x1f,
    0x40, 0x1c, 0x00, 0x00, 0x00, 0x15, 0x4d, 0x00, 0x01, 0x01, 0x02, 0x60, 0x03, 0x01, 0x02, 0x02,
    0x16, 0x02, 0x4e, 0x00, 0x00, 0x00, 0x05, 0x00, 0x05, 0x11, 0x11, 0x04, 0x07, 0x18, 0x2b, 0x33,
    0x11, 0x33, 0x11, 0x33, 0x15, 0x7d, 0x7d, 0xfa, 0x02, 0x71, 0xfe, 0x0c, 0x7d, 0x00, 0x00, 0x02,
    0x00, 0x7d, 0x00, 0x00, 0x02, 0xee, 0x02, 0x71, 0x00, 0x0b, 0x00, 0x13, 0x00, 0x3e, 0x40, 0x3b,
    0x07, 0x01, 0x01, 0x06, 0x01, 0x04, 0x02, 0x01, 0x04, 0x67, 0x00, 0x02, 0x00, 0x03, 0x05, 0x02,
    0x03, 0x67, 0x08, 0x01, 0x00, 0x00, 0x15, 0x4d, 0x0b, 0x09, 0x0a, 0x03, 0x05, 0x05, 0x16, 0x05,
    0x4e, 0x0c, 0x0c, 0x00, 0x00, 0x0c, 0x13, 0x0c, 0x13, 0x12, 0x11, 0x10, 0x0f, 0x0e, 0x0d, 0x00,
    0x0b, 0x00, 0x0b, 0x11, 0x11, 0x11, 0x11, 0x11, 0x0c, 0x07, 0x1b, 0x2b, 0x33, 0x11, 0x33, 0x15,
    0x33, 0x15, 0x33, 0x15, 0x23, 0x35, 0x23, 0x11, 0x21, 0x11, 0x23, 0x35, 0x33, 0x35, 0x33, 0x11,
    0x7d, 0x7d, 0x7d, 0x7d, 0x7d, 0x7d, 0x01, 0x77, 0x7d, 0x7d, 0x7d, 0x02, 0x71, 0x7d, 0x7d, 0x7d,
    0x7d, 0xfe, 0x89, 0x01, 0x77, 0x7d, 0x7d, 0xfd, 0x8f, 0x00, 0x00, 0x01, 0x00, 0x7d, 0x00, 0x00,
    0x02, 0xee, 0x02, 0x71, 0x00, 0x13, 0x00, 0x3b, 0x40, 0x38, 0x00, 0x01, 0x00, 0x08, 0x02, 0x01,
    0x08, 0x67, 0x00, 0x02, 0x00, 0x07, 0x03, 0x02, 0x07, 0x67, 0x00, 0x03, 0x00, 0x06, 0x05, 0x03,
    0x06, 0x67, 0x04, 0x01, 0x00, 0x00, 0x15, 0x4d, 0x0a, 0x09, 0x02, 0x05, 0x05, 0x16, 0x05, 0x4e,
    0x00, 0x00, 0x00, 0x13, 0x00, 0x13, 0x11, 0x11, 0x11, 0x11, 0x11, 0x11, 0x11, 0x11, 0x11, 0x0b,
    0x07, 0x1f, 0x2b, 0x33, 0x11, 0x33, 0x15, 0x33, 0x15, 0x33, 0x15, 0x33, 0x11, 0x33, 0x11, 0x23,
    0x35, 0x23, 0x35, 0x23, 0x35, 0x23, 0x11, 0x7d, 0x7d, 0x7d, 0x7d, 0x7d, 0x7d, 0x7d, 0x7d, 0x7d,
    0x7d, 0x02, 0x71, 0x7d, 0x7d, 0x7d, 0x01, 0x77, 0xfd, 0x8f, 0x7d, 0x7d, 0x7d, 0xfe, 0x89, 0x00,
    0xff, 0xff, 0x00, 0x7d, 0x00, 0x00, 0x02, 0xee, 0x03, 0xe8, 0x02, 0x26, 0x00, 0x5b, 0x00, 0x00,
    0x00, 0x06, 0x00, 0xda, 0x7d, 0x00, 0x00, 0x02, 0x00, 0x7d, 0x00, 0x00, 0x02, 0x71, 0x02, 0x71,
    0x00, 0x0b, 0x00, 0x0f, 0x00, 0x35, 0x40, 0x32, 0x03, 0x01, 0x01, 0x04, 0x01, 0x00, 0x05, 0x01,
    0x00, 0x67, 0x00, 0x07, 0x07, 0x02, 0x5f, 0x00, 0x02, 0x02, 0x15, 0x4d, 0x00, 0x06, 0x06, 0x05,
    0x5f, 0x08, 0x01, 0x05, 0x05, 0x16, 0x05, 0x4e, 0x00, 0x00, 0x0f, 0x0e, 0x0d, 0x0c, 0x00, 0x0b,
    0x00, 0x0b, 0x11, 0x11, 0x11, 0x11, 0x11, 0x09, 0x07, 0x1b, 0x2b, 0x33, 0x35, 0x23, 0x11, 0x33,
    0x35, 0x33, 0x15, 0x33, 0x11, 0x23, 0x15, 0x27, 0x33, 0x11, 0x23, 0xfa, 0x7d, 0x7d, 0xfa, 0x7d,
    0x7d, 0xfa, 0xfa, 0xfa, 0x7d, 0x01, 0x77, 0x7d, 0x7d, 0xfe, 0x89, 0x7d, 0x82, 0x01, 0x6d, 0x00,
    0xff, 0xff, 0x00, 0x7d, 0x00, 0x00, 0x02, 0x71, 0x03, 0xe8, 0x02, 0x26, 0x00, 0x5d, 0x00, 0x00,
    0x00, 0x06, 0x00, 0xd8, 0x7d, 0x00, 0x00, 0x03, 0x00, 0x7d, 0x00, 0x00, 0x02, 0x71, 0x03, 0xe8,
    0x00, 0x0b, 0x00, 0x17, 0x00, 0x1b, 0x00, 0x58, 0x40, 0x55, 0x00, 0x01, 0x00, 0x04, 0x00, 0x01,
    0x04, 0x67, 0x02, 0x01, 0x00, 0x0e, 0x05, 0x02, 0x03, 0x08, 0x00, 0x03, 0x67, 0x09, 0x01, 0x07,
    0x0a, 0x01, 0x06, 0x0b, 0x07, 0x06, 0x67, 0x00, 0x0d, 0x0d, 0x08, 0x5f, 0x00, 0x08, 0x08, 0x15,
    0x4d, 0x00, 0x0c, 0x0c, 0x0b, 0x5f, 0x0f, 0x01, 0x0b, 0x0b, 0x16, 0x0b, 0x4e, 0x0c, 0x0c, 0x00,
    0x00, 0x1b, 0x1a, 0x19, 0x18, 0x0c, 0x17, 0x0c, 0x17, 0x16, 0x15, 0x14, 0x13, 0x12, 0x11, 0x10,
    0x0f, 0x0e, 0x0d, 0x00, 0x0b, 0x00, 0x0b, 0x11, 0x11, 0x11, 0x11, 0x11, 0x10, 0x07, 0x1b, 0x2b,
    0x13, 0x35, 0x33, 0x35, 0x33, 0x15, 0x33, 0x15, 0x23, 0x35, 0x23, 0x15, 0x11, 0x35, 0x23, 0x11,
    0x33, 0x35, 0x33, 0x15, 0x33, 0x11, 0x23, 0x15, 0x27, 0x33, 0x11, 0x23, 0x7d, 0x7d, 0xfa, 0x7d,
    0x7d, 0xfa, 0x7d, 0x7d, 0xfa, 0x7d, 0x7d, 0xfa, 0xfa, 0xfa, 0x02, 0xee, 0x7d, 0x7d, 0x7d, 0x7d,
    0x7d, 0x7d, 0xfd, 0x12, 0x7d, 0x01, 0x77, 0x7d, 0x7d, 0xfe, 0x89, 0x7d, 0x82, 0x01, 0x6d, 0x00,
    0x00, 0x04, 0x00, 0x7d, 0x00, 0x00, 0x02, 0x71, 0x03, 0x6b, 0x00, 0x03, 0x00, 0x07, 0x00, 0x13,
    0x00, 0x17, 0x00, 0x55, 0x40, 0x52, 0x02, 0x01, 0x00, 0x0d, 0x03, 0x0c, 0x03, 0x01, 0x06, 0x00,
    0x01, 0x67, 0x07, 0x01, 0x05, 0x08, 0x01, 0x04, 0x09, 0x05, 0x04, 0x67, 0x00, 0x0b, 0x0b, 0x06,
    0x5f, 0x00, 0x06, 0x06, 0x15, 0x4d, 0x00, 0x0a, 0x0a, 0x09, 0x5f, 0x0e, 0x01, 0x09, 0x09, 0x16,
    0x09, 0x4e, 0x08, 0x08, 0x04, 0x04, 0x00, 0x00, 0x17, 0x16, 0x15, 0x14, 0x08, 0x13, 0x08, 0x13,
    0x12, 0x11, 0x10, 0x0f, 0x0e, 0x0d, 0x0c, 0x0b, 0x0a, 0x09, 0x04, 0x07, 0x04, 0x07, 0x06, 0x05,
    0x00, 0x03, 0x00, 0x03, 0x11, 0x0f, 0x07, 0x17, 0x2b, 0x01, 0x35, 0x33, 0x15, 0x21, 0x35, 0x33,
    0x15, 0x11, 0x35, 0x23, 0x11, 0x33, 0x35, 0x33, 0x15, 0x33, 0x11, 0x23, 0x15, 0x27, 0x33, 0x11,
    0x23, 0x01, 0xf4, 0x7d, 0xfe, 0x0c, 0x7d, 0x7d, 0x7d, 0xfa, 0x7d, 0x7d, 0xfa, 0xfa, 0xfa, 0x02,
    0xee, 0x7d, 0x7d, 0x7d, 0x7d, 0xfd, 0x12, 0x7d, 0x01, 0x77, 0x7d, 0x7d, 0xfe, 0x89, 0x7d, 0x82,
    0x01, 0x6d, 0xff, 0xff, 0x00, 0x7d, 0x00, 0x00, 0x02, 0x71, 0x03, 0xe8, 0x02, 0x26, 0x00, 0x5d,
    0x00, 0x00, 0x00, 0x06, 0x00, 0xd7, 0x7d, 0x00, 0x00, 0x02, 0x00, 0x7d, 0x00, 0x00, 0x02, 0xee,
    0x02, 0x71, 0x00, 0x0b, 0x00, 0x17, 0x00, 0x96, 0x4b, 0xb0, 0x0a, 0x50, 0x58, 0x40, 0x36, 0x00,
    0x08, 0x0b, 0x0a, 0x0b, 0x08, 0x72, 0x00, 0x06, 0x09, 0x07, 0x07, 0x06, 0x72, 0x00, 0x0a, 0x00,
    0x09, 0x06, 0x0a, 0x09, 0x67, 0x03, 0x01, 0x01, 0x04, 0x01, 0x00, 0x05, 0x01, 0x00, 0x67, 0x00,
    0x0b, 0x0b, 0x02, 0x5f, 0x00, 0x02, 0x02, 0x15, 0x4d, 0x00, 0x07, 0x07, 0x05, 0x60, 0x0c, 0x01,
    0x05, 0x05, 0x16, 0x05, 0x4e, 0x1b, 0x40, 0x38, 0x00, 0x08, 0x0b, 0x0a, 0x0b, 0x08, 0x0a, 0x80,
    0x00, 0x06, 0x09, 0x07, 0x09, 0x06, 0x07, 0x80, 0x00, 0x0a, 0x00, 0x09, 0x06, 0x0a, 0x09, 0x67,
    0x03, 0x01, 0x01, 0x04, 0x01, 0x00, 0x05, 0x01, 0x00, 0x67, 0x00, 0x0b, 0x0b, 0x02, 0x5f, 0x00,
    0x02, 0x02, 0x15, 0x4d, 0x00, 0x07, 0x07, 0x05, 0x60, 0x0c, 0x01, 0x05, 0x05, 0x16, 0x05, 0x4e,
    0x59, 0x40, 0x1a, 0x00, 0x00, 0x17, 0x16, 0x15, 0x14, 0x13, 0x12, 0x11, 0x10, 0x0f, 0x0e, 0x0d,
    0x0c, 0x00, 0x0b, 0x00, 0x0b, 0x11, 0x11, 0x11, 0x11, 0x11, 0x0d, 0x07, 0x1b, 0x2b, 0x33, 0x35,
    0x23, 0x11, 0x33, 0x35, 0x21, 0x15, 0x33, 0x11, 0x23, 0x15, 0x25, 0x33, 0x15, 0x33, 0x35, 0x23,
    0x15, 0x23, 0x35, 0x33, 0x35, 0x23, 0xfa, 0x7d, 0x7d, 0x01, 0x77, 0x7d, 0x7d, 0xfe, 0x89, 0x7d,
    0xfa, 0x7d, 0x7d, 0x7d, 0xfa, 0x7d, 0x01, 0x77, 0x7d, 0x7d, 0xfe, 0x89, 0x7d, 0xfa, 0x78, 0xf5,
    0x7d, 0x7d, 0x78, 0x00, 0xff, 0xff, 0x00, 0x7d, 0x00, 0x00, 0x02, 0x71, 0x03, 0xe8, 0x02, 0x26,
    0x00, 0x5d, 0x00, 0x00, 0x00, 0x06, 0x00, 0xda, 0x00, 0x00, 0x00, 0x02, 0x00, 0x7d, 0x00, 0x00,
    0x02, 0xee, 0x02, 0x71, 0x00, 0x0f, 0x00, 0x13, 0x00, 0x3f, 0x40, 0x3c, 0x00, 0x04, 0x00, 0x05,
    0x00, 0x04, 0x05, 0x67, 0x00, 0x01, 0x00, 0x00, 0x06, 0x01, 0x00, 0x67, 0x09, 0x01, 0x03, 0x03,
    0x02, 0x5f, 0x00, 0x02, 0x02, 0x15, 0x4d, 0x08, 0x01, 0x06, 0x06, 0x07, 0x5f, 0x0a, 0x01, 0x07,
    0x07, 0x16, 0x07, 0x4e, 0x00, 0x00, 0x13, 0x12, 0x11, 0x10, 0x00, 0x0f, 0x00, 0x0f, 0x11, 0x11,
    0x11, 0x11, 0x11, 0x11, 0x11, 0x0b, 0x07, 0x1d, 0x2b, 0x33, 0x35, 0x23, 0x11, 0x33, 0x35, 0x21,
    0x15, 0x23, 0x15, 0x33, 0x15, 0x23, 0x15, 0x33, 0x15, 0x25, 0x33, 0x11, 0x23, 0xfa, 0x7d, 0x7d,
    0x01, 0xf4, 0xfa, 0xfa, 0xfa, 0xfa, 0xfe, 0x11, 0x78, 0x78, 0x7d, 0x01, 0x77, 0x7d, 0x7d, 0x7d,
    0x7d, 0x7d, 0x7d, 0x7e, 0x01, 0x77, 0x00, 0x02, 0x00, 0x7d, 0x00, 0x00, 0x02, 0x71, 0x02, 0x71,
    0x00, 0x09, 0x00, 0x0d, 0x00, 0x35, 0x40, 0x32, 0x00, 0x01, 0x00, 0x02, 0x05, 0x01, 0x02, 0x67,
    0x00, 0x05, 0x00, 0x03, 0x04, 0x05, 0x03, 0x67, 0x00, 0x06, 0x06, 0x00, 0x5f, 0x00, 0x00, 0x00,
    0x15, 0x4d, 0x07, 0x01, 0x04, 0x04, 0x16, 0x04, 0x4e, 0x00, 0x00, 0x0d, 0x0c, 0x0b, 0x0a, 0x00,
    0x09, 0x00, 0x09, 0x11, 0x11, 0x11, 0x11, 0x08, 0x07, 0x1a, 0x2b, 0x33, 0x11, 0x21, 0x15, 0x33,
    0x15, 0x23, 0x15, 0x23, 0x15, 0x11, 0x33, 0x35, 0x23, 0x7d, 0x01, 0x77, 0x7d, 0x7d, 0xfa, 0xf5,
    0xf5, 0x02, 0x71, 0x7d, 0x7d, 0x7d, 0xfa, 0x01, 0x77, 0x7d, 0x00, 0x02, 0x00, 0x7d, 0x00, 0x00,
    0x01, 0xf4, 0x02, 0x71, 0x00, 0x0b, 0x00, 0x0f, 0x00, 0x39, 0x40, 0x36, 0x00, 0x01, 0x00, 0x07,
    0x02, 0x01, 0x07, 0x67, 0x00, 0x02, 0x00, 0x03, 0x06, 0x02, 0x03, 0x67, 0x00, 0x06, 0x00, 0x04,
    0x05, 0x06, 0x04, 0x67, 0x00, 0x00, 0x00, 0x15, 0x4d, 0x08, 0x01, 0x05, 0x05, 0x16, 0x05, 0x4e,
    0x00, 0x00, 0x0f, 0x0e, 0x0d, 0x0c, 0x00, 0x0b, 0x00, 0x0b, 0x11, 0x11, 0x11, 0x11, 0x11, 0x09,
    0x07, 0x1b, 0x2b, 0x33, 0x11, 0x33, 0x15, 0x33, 0x15, 0x33, 0x15, 0x23, 0x15, 0x23, 0x15, 0x35,
    0x33, 0x35, 0x23, 0x7d, 0x7d, 0x7d, 0x7d, 0x7d, 0x7d, 0x78, 0x78, 0x02, 0x71, 0x7d, 0x7d, 0x7d,
    0x7d, 0x7d, 0xfa, 0x7d, 0x00, 0x02, 0x00, 0x7d, 0xff, 0x83, 0x02, 0x71, 0x02, 0x71, 0x00, 0x0f,
    0x00, 0x13, 0x00, 0x3e, 0x40, 0x3b, 0x04, 0x01, 0x02, 0x05, 0x01, 0x01, 0x00, 0x02, 0x01, 0x67,
    0x00, 0x06, 0x0a, 0x01, 0x07, 0x06, 0x07, 0x63, 0x00, 0x09, 0x09, 0x03, 0x5f, 0x00, 0x03, 0x03,
    0x15, 0x4d, 0x00, 0x08, 0x08, 0x00, 0x5f, 0x00, 0x00, 0x00, 0x16, 0x00, 0x4e, 0x00, 0x00, 0x13,
    0x12, 0x11, 0x10, 0x00, 0x0f, 0x00, 0x0f, 0x11, 0x11, 0x11, 0x11, 0x11, 0x11, 0x11, 0x0b, 0x07,
    0x1d, 0x2b, 0x05, 0x35, 0x23, 0x35, 0x23, 0x11, 0x33, 0x35, 0x33, 0x15, 0x33, 0x11, 0x23, 0x15,
    0x33, 0x15, 0x25, 0x33, 0x11, 0x23, 0x01, 0xf4, 0xfa, 0x7d, 0x7d, 0xfa, 0x7d, 0x7d, 0x7d, 0xfe,
    0x89, 0xfa, 0xfa, 0x7d, 0x7d, 0x7d, 0x01, 0x77, 0x7d, 0x7d, 0xfe, 0x89, 0x7d, 0x7d, 0xff, 0x01,
    0x6d, 0x00, 0x00, 0x02, 0x00, 0x7d, 0x00, 0x00, 0x02, 0x71, 0x02, 0x71, 0x00, 0x0f, 0x00, 0x13,
    0x00, 0x7f, 0x4b, 0xb0, 0x0a, 0x50, 0x58, 0x40, 0x2e, 0x00, 0x05, 0x06, 0x03, 0x06, 0x05, 0x72,
    0x00, 0x01, 0x00, 0x02, 0x08, 0x01, 0x02, 0x67, 0x00, 0x08, 0x00, 0x06, 0x05, 0x08, 0x06, 0x67,
    0x00, 0x09, 0x09, 0x00, 0x5f, 0x00, 0x00, 0x00, 0x15, 0x4d, 0x00, 0x03, 0x03, 0x04, 0x5f, 0x0a,
    0x07, 0x02, 0x04, 0x04, 0x16, 0x04, 0x4e, 0x1b, 0x40, 0x2f, 0x00, 0x05, 0x06, 0x03, 0x06, 0x05,
    0x03, 0x80, 0x00, 0x01, 0x00, 0x02, 0x08, 0x01, 0x02, 0x67, 0x00, 0x08, 0x00, 0x06, 0x05, 0x08,
    0x06, 0x67, 0x00, 0x09, 0x09, 0x00, 0x5f, 0x00, 0x00, 0x00, 0x15, 0x4d, 0x00, 0x03, 0x03, 0x04,
    0x5f, 0x0a, 0x07, 0x02, 0x04, 0x04, 0x16, 0x04, 0x4e, 0x59, 0x40, 0x14, 0x00, 0x00, 0x13, 0x12,
    0x11, 0x10, 0x00, 0x0f, 0x00, 0x0f, 0x11, 0x11, 0x11, 0x11, 0x11, 0x11, 0x11, 0x0b, 0x07, 0x1d,
    0x2b, 0x33, 0x11, 0x21, 0x15, 0x33, 0x15, 0x23, 0x15, 0x33, 0x15, 0x23, 0x35, 0x23, 0x35, 0x23,
    0x15, 0x11, 0x33, 0x35, 0x23, 0x7d, 0x01, 0x77, 0x7d, 0x7d, 0x7d, 0x7d, 0x7d, 0x7d, 0xf5, 0xf5,
    0x02, 0x71, 0x7d, 0x7d, 0xfa, 0x7d, 0x7d, 0x7d, 0xfa, 0x01, 0x77, 0x7d, 0x00, 0x03, 0x00, 0x7d,
    0x00, 0x00, 0x02, 0x71, 0x02, 0x71, 0x00, 0x03, 0x00, 0x0f, 0x00, 0x13, 0x00, 0x55, 0x40, 0x52,
    0x00, 0x04, 0x00, 0x03, 0x05, 0x04, 0x03, 0x67, 0x00, 0x05, 0x00, 0x02, 0x06, 0x05, 0x02, 0x67,
    0x00, 0x06, 0x0b, 0x01, 0x07, 0x08, 0x06, 0x07, 0x67, 0x0a, 0x01, 0x01, 0x01, 0x00, 0x5f, 0x00,
    0x00, 0x00, 0x15, 0x4d, 0x00, 0x08, 0x08, 0x09, 0x5f, 0x0c, 0x01, 0x09, 0x09, 0x16, 0x09, 0x4e,
    0x10, 0x10, 0x04, 0x04, 0x00, 0x00, 0x10, 0x13, 0x10, 0x13, 0x12, 0x11, 0x04, 0x0f, 0x04, 0x0f,
    0x0e, 0x0d, 0x0c, 0x0b, 0x0a, 0x09, 0x08, 0x07, 0x06, 0x05, 0x00, 0x03, 0x00, 0x03, 0x11, 0x0d,
    0x07, 0x17, 0x2b, 0x13, 0x35, 0x21, 0x15, 0x03, 0x35, 0x23, 0x35, 0x23, 0x35, 0x33, 0x15, 0x33,
    0x15, 0x33, 0x15, 0x05, 0x35, 0x21, 0x15, 0xfa, 0x01, 0x77, 0x7d, 0xfa, 0x7d, 0x7d, 0xfa, 0x7d,
    0xfe, 0x0c, 0x01, 0x77, 0x01, 0xf4, 0x7d, 0x7d, 0xfe, 0x89, 0x7d, 0x7d, 0x7d, 0x7d, 0x7d, 0x7d,
    0x7d, 0x7d, 0x7d, 0x00, 0x00, 0x05, 0x00, 0x7d, 0x00, 0x00, 0x02, 0x71, 0x03, 0xe8, 0x00, 0x03,
    0x00, 0x0b, 0x00, 0x0f, 0x00, 0x1b, 0x00, 0x1f, 0x00, 0x74, 0x40, 0x71, 0x03, 0x01, 0x01, 0x02,
    0x01, 0x00, 0x04, 0x01, 0x00, 0x67, 0x00, 0x04, 0x10, 0x01, 0x05, 0x06, 0x04, 0x05, 0x67, 0x00,
    0x0a, 0x00, 0x09, 0x0b, 0x0a, 0x09, 0x67, 0x00, 0x0b, 0x00, 0x08, 0x0c, 0x0b, 0x08, 0x67, 0x00,
    0x0c, 0x12, 0x01, 0x0d, 0x0e, 0x0c, 0x0d, 0x67, 0x11, 0x01, 0x07, 0x07, 0x06, 0x5f, 0x00, 0x06,
    0x06, 0x15, 0x4d, 0x00, 0x0e, 0x0e, 0x0f, 0x5f, 0x13, 0x01, 0x0f, 0x0f, 0x16, 0x0f, 0x4e, 0x1c,
    0x1c, 0x10, 0x10, 0x0c, 0x0c, 0x04, 0x04, 0x1c, 0x1f, 0x1c, 0x1f, 0x1e, 0x1d, 0x10, 0x1b, 0x10,
    0x1b, 0x1a, 0x19, 0x18, 0x17, 0x16, 0x15, 0x14, 0x13, 0x12, 0x11, 0x0c, 0x0f, 0x0c, 0x0f, 0x0e,
    0x0d, 0x04, 0x0b, 0x04, 0x0b, 0x11, 0x11, 0x12, 0x11, 0x10, 0x14, 0x07, 0x1b, 0x2b, 0x01, 0x23,
    0x35, 0x33, 0x05, 0x35, 0x23, 0x35, 0x33, 0x15, 0x33, 0x15, 0x07, 0x35, 0x21, 0x15, 0x03, 0x35,
    0x23, 0x35, 0x23, 0x35, 0x33, 0x15, 0x33, 0x15, 0x33, 0x15, 0x05, 0x35, 0x21, 0x15, 0x02, 0x71,
    0x7d, 0x7d, 0xfe, 0x89, 0x7d, 0x7d, 0xfa, 0xfa, 0x01, 0x77, 0x7d, 0xfa, 0x7d, 0x7d, 0xfa, 0x7d,
    0xfe, 0x0c, 0x01, 0x77, 0x03, 0x6b, 0x7d, 0xfa, 0x7d, 0x7d, 0x7d, 0x7d, 0xfa, 0x7d, 0x7d, 0xfe,
    0x89, 0x7d, 0x7d, 0x7d, 0x7d, 0x7d, 0x7d, 0x7d, 0x7d, 0x7d, 0x00, 0x01, 0x00, 0x7d, 0x00, 0x00,
    0x02, 0x71, 0x02, 0x71, 0x00, 0x17, 0x00, 0x49, 0x40, 0x46, 0x02, 0x01, 0x00, 0x00, 0x03, 0x09,
    0x00, 0x03, 0x67, 0x00, 0x09, 0x00, 0x08, 0x04, 0x09, 0x08, 0x67, 0x00, 0x04, 0x00, 0x05, 0x07,
    0x04, 0x05, 0x67, 0x00, 0x0a, 0x0a, 0x01, 0x5f, 0x00, 0x01, 0x01, 0x15, 0x4d, 0x00, 0x07, 0x07,
    0x06, 0x5f, 0x0c, 0x0b, 0x02, 0x06, 0x06, 0x16, 0x06, 0x4e, 0x00, 0x00, 0x00, 0x17, 0x00, 0x17,
    0x16, 0x15, 0x14, 0x13, 0x11, 0x11, 0x11, 0x11, 0x11, 0x11, 0x11, 0x11, 0x11, 0x0d, 0x07, 0x1f,
    0x2b, 0x33, 0x11, 0x33, 0x35, 0x33, 0x15, 0x33, 0x15, 0x23, 0x15, 0x33, 0x15, 0x23, 0x15, 0x23,
    0x35, 0x33, 0x35, 0x23, 0x35, 0x33, 0x35, 0x23, 0x11, 0x7d, 0x7d, 0xfa, 0x7d, 0x7d, 0x7d, 0x7d,
    0x7d, 0x7d, 0x7d, 0x7d, 0xfa, 0x01, 0xf4, 0x7d, 0x7d, 0x7d, 0x7d, 0x7d, 0x7d, 0x7d, 0x7d, 0x7d,
    0x7d, 0xfe, 0x0c, 0x00, 0x00, 0x01, 0x00, 0x7d, 0x00, 0x00, 0x01, 0xf4, 0x02, 0x71, 0x00, 0x07,
    0x00, 0x21, 0x40, 0x1e, 0x02, 0x01, 0x00, 0x00, 0x01, 0x5f, 0x00, 0x01, 0x01, 0x15, 0x4d, 0x04,
    0x01, 0x03, 0x03, 0x16, 0x03, 0x4e, 0x00, 0x00, 0x00, 0x07, 0x00, 0x07, 0x11, 0x11, 0x11, 0x05,
    0x07, 0x19, 0x2b, 0x33, 0x11, 0x23, 0x35, 0x21, 0x15, 0x23, 0x11, 0xfa, 0x7d, 0x01, 0x77, 0x7d,
    0x01, 0xf4, 0x7d, 0x7d, 0xfe, 0x0c, 0x00, 0x02, 0x00, 0x7d, 0x00, 0x00, 0x02, 0x71, 0x02, 0x71,
    0x00, 0x07, 0x00, 0x0b, 0x00, 0x30, 0x40, 0x2d, 0x07, 0x05, 0x02, 0x00, 0x00, 0x01, 0x5f, 0x04,
    0x01, 0x01, 0x01, 0x15, 0x4d, 0x00, 0x02, 0x02, 0x03, 0x5f, 0x06, 0x01, 0x03, 0x03, 0x16, 0x03,
    0x4e, 0x08, 0x08, 0x00, 0x00, 0x08, 0x0b, 0x08, 0x0b, 0x0a, 0x09, 0x00, 0x07, 0x00, 0x07, 0x11,
    0x11, 0x11, 0x08, 0x07, 0x19, 0x2b, 0x33, 0x35, 0x23, 0x11, 0x33, 0x11, 0x33, 0x15, 0x35, 0x11,
    0x33, 0x11, 0xfa, 0x7d, 0x7d, 0xfa, 0x7d, 0x7d, 0x01, 0xf4, 0xfe, 0x0c, 0x7d, 0x7d, 0x01, 0xf4,
    0xfe, 0x0c, 0xff, 0xff, 0x00, 0x7d, 0x00, 0x00, 0x02, 0x71, 0x03, 0xe8, 0x02, 0x26, 0x00, 0x6d,
    0x00, 0x00, 0x00, 0x06, 0x00, 0xd8, 0x7d, 0x00, 0x00, 0x03, 0x00, 0x7d, 0x00, 0x00, 0x02, 0x71,
    0x03, 0xe8, 0x00, 0x0b, 0x00, 0x13, 0x00, 0x17, 0x00, 0x51, 0x40, 0x4e, 0x00, 0x01, 0x00, 0x04,
    0x00, 0x01, 0x04, 0x67, 0x02, 0x01, 0x00, 0x0c, 0x05, 0x02, 0x03, 0x07, 0x00, 0x03, 0x67, 0x0e,
    0x0b, 0x02, 0x06, 0x06, 0x07, 0x5f, 0x0a, 0x01, 0x07, 0x07, 0x15, 0x4d, 0x00, 0x08, 0x08, 0x09,
    0x5f, 0x0d, 0x01, 0x09, 0x09, 0x16, 0x09, 0x4e, 0x14, 0x14, 0x0c, 0x0c, 0x00, 0x00, 0x14, 0x17,
    0x14, 0x17, 0x16, 0x15, 0x0c, 0x13, 0x0c, 0x13, 0x12, 0x11, 0x10, 0x0f, 0x0e, 0x0d, 0x00, 0x0b,
    0x00, 0x0b, 0x11, 0x11, 0x11, 0x11, 0x11, 0x0f, 0x07, 0x1b, 0x2b, 0x13, 0x35, 0x33, 0x35, 0x33,
    0x15, 0x33, 0x15, 0x23, 0x35, 0x23, 0x15, 0x11, 0x35, 0x23, 0x11, 0x33, 0x11, 0x33, 0x15, 0x35,
    0x11, 0x33, 0x11, 0x7d, 0x7d, 0xfa, 0x7d, 0x7d, 0xfa, 0x7d, 0x7d, 0xfa, 0x7d, 0x02, 0xee, 0x7d,
    0x7d, 0x7d, 0x7d, 0x7d, 0x7d, 0xfd, 0x12, 0x7d, 0x01, 0xf4, 0xfe, 0x0c, 0x7d, 0x7d, 0x01, 0xf4,
    0xfe, 0x0c, 0x00, 0x04, 0x00, 0x7d, 0x00, 0x00, 0x02, 0x71, 0x03, 0x6b, 0x00, 0x03, 0x00, 0x07,
    0x00, 0x0f, 0x00, 0x13, 0x00, 0x4e, 0x40, 0x4b, 0x02, 0x01, 0x00, 0x0b, 0x03, 0x0a, 0x03, 0x01,
    0x05, 0x00, 0x01, 0x67, 0x0d, 0x09, 0x02, 0x04, 0x04, 0x05, 0x5f, 0x08, 0x01, 0x05, 0x05, 0x15,
    0x4d, 0x00, 0x06, 0x06, 0x07, 0x5f, 0x0c, 0x01, 0x07, 0x07, 0x16, 0x07, 0x4e, 0x10, 0x10, 0x08,
    0x08, 0x04, 0x04, 0x00, 0x00, 0x10, 0x13, 0x10, 0x13, 0x12, 0x11, 0x08, 0x0f, 0x08, 0x0f, 0x0e,
    0x0d, 0x0c, 0x0b, 0x0a, 0x09, 0x04, 0x07, 0x04, 0x07, 0x06, 0x05, 0x00, 0x03, 0x00, 0x03, 0x11,
    0x0e, 0x07, 0x17, 0x2b, 0x01, 0x35, 0x33, 0x15, 0x21, 0x35, 0x33, 0x15, 0x11, 0x35, 0x23, 0x11,
    0x33, 0x11, 0x33, 0x15, 0x35, 0x11, 0x33, 0x11, 0x01, 0xf4, 0x7d, 0xfe, 0x0c, 0x7d, 0x7d, 0x7d,
    0xfa, 0x7d, 0x02, 0xee, 0x7d, 0x7d, 0x7d, 0x7d, 0xfd, 0x12, 0x7d, 0x01, 0xf4, 0xfe, 0x0c, 0x7d,
    0x7d, 0x01, 0xf4, 0xfe, 0x0c, 0x00, 0xff, 0xff, 0x00, 0x7d, 0x00, 0x00, 0x02, 0x71, 0x03, 0xe8,
    0x02, 0x26, 0x00, 0x6d, 0x00, 0x00, 0x00, 0x06, 0x00, 0xd7, 0x7d, 0x00, 0x00, 0x03, 0x00, 0x7d,
    0x00, 0x00, 0x02, 0xee, 0x02, 0x71, 0x00, 0x0b, 0x00, 0x0f, 0x00, 0x13, 0x00, 0x45, 0x40, 0x42,
    0x08, 0x01, 0x03, 0x0c, 0x09, 0x02, 0x00, 0x04, 0x03, 0x00, 0x67, 0x0b, 0x07, 0x02, 0x01, 0x01,
    0x02, 0x5f, 0x06, 0x01, 0x02, 0x02, 0x15, 0x4d, 0x00, 0x04, 0x04, 0x05, 0x5f, 0x0a, 0x01, 0x05,
    0x05, 0x16, 0x05, 0x4e, 0x10, 0x10, 0x0c, 0x0c, 0x00, 0x00, 0x10, 0x13, 0x10, 0x13, 0x12, 0x11,
    0x0c, 0x0f, 0x0c, 0x0f, 0x0e, 0x0d, 0x00, 0x0b, 0x00, 0x0b, 0x11, 0x11, 0x11, 0x11, 0x11, 0x0d,
    0x07, 0x1b, 0x2b, 0x21, 0x35, 0x23, 0x35, 0x23, 0x35, 0x33, 0x15, 0x33, 0x15, 0x33, 0x15, 0x13,
    0x35, 0x33, 0x15, 0x07, 0x35, 0x33, 0x15, 0x01, 0x77, 0x7d, 0x7d, 0x7d, 0x7d, 0x7d, 0x7d, 0x7d,
    0xfa, 0x7d, 0x7d, 0xfa, 0xfa, 0xfa, 0xfa, 0x7d, 0x01, 0x77, 0xfa, 0xfa, 0xfa, 0xfa, 0xfa, 0x00,
    0x00, 0x03, 0x00, 0x7d, 0x00, 0x00, 0x02, 0xee, 0x02, 0x71, 0x00, 0x07, 0x00, 0x0b, 0x00, 0x13,
    0x00, 0x46, 0x40, 0x43, 0x00, 0x07, 0x00, 0x00, 0x07, 0x57, 0x06, 0x0b, 0x05, 0x03, 0x00, 0x00,
    0x01, 0x5f, 0x04, 0x01, 0x01, 0x01, 0x15, 0x4d, 0x08, 0x01, 0x02, 0x02, 0x03, 0x5f, 0x0c, 0x09,
    0x0a, 0x03, 0x03, 0x03, 0x16, 0x03, 0x4e, 0x0c, 0x0c, 0x08, 0x08, 0x00, 0x00, 0x0c, 0x13, 0x0c,
    0x13, 0x12, 0x11, 0x10, 0x0f, 0x0e, 0x0d, 0x08, 0x0b, 0x08, 0x0b, 0x0a, 0x09, 0x00, 0x07, 0x00,
    0x07, 0x11, 0x11, 0x11, 0x0d, 0x07, 0x19, 0x2b, 0x33, 0x35, 0x23, 0x11, 0x33, 0x11, 0x33, 0x15,
    0x37, 0x11, 0x33, 0x11, 0x07, 0x35, 0x23, 0x11, 0x33, 0x11, 0x33, 0x15, 0xfa, 0x7d, 0x7d, 0x7d,
    0xfa, 0x7d, 0xfa, 0x7d, 0x7d, 0x7d, 0x7d, 0x01, 0xf4, 0xfe, 0x0c, 0x7d, 0x7d, 0x01, 0xf4, 0xfe,
    0x0c, 0x7d, 0x7d, 0x01, 0x77, 0xfe, 0x89, 0x7d, 0x00, 0x04, 0x00, 0x7d, 0x00, 0x00, 0x02, 0xee,
    0x02, 0x71, 0x00, 0x13, 0x00, 0x1b, 0x00, 0x1f, 0x00, 0x23, 0x00, 0x6a, 0x40, 0x67, 0x0a, 0x01,
    0x05, 0x13, 0x0d, 0x02, 0x02, 0x06, 0x05, 0x02, 0x67, 0x00, 0x06, 0x00, 0x01, 0x07, 0x06, 0x01,
    0x67, 0x0e, 0x01, 0x07, 0x14, 0x0f, 0x02, 0x00, 0x08, 0x07, 0x00, 0x67, 0x0c, 0x01, 0x03, 0x03,
    0x04, 0x5f, 0x0b, 0x01, 0x04, 0x04, 0x15, 0x4d, 0x10, 0x01, 0x08, 0x08, 0x09, 0x5f, 0x15, 0x11,
    0x12, 0x03, 0x09, 0x09, 0x16, 0x09, 0x4e, 0x20, 0x20, 0x1c, 0x1c, 0x14, 0x14, 0x00, 0x00, 0x20,
    0x23, 0x20, 0x23, 0x22, 0x21, 0x1c, 0x1f, 0x1c, 0x1f, 0x1e, 0x1d, 0x14, 0x1b, 0x14, 0x1b, 0x1a,
    0x19, 0x18, 0x17, 0x16, 0x15, 0x00, 0x13, 0x00, 0x13, 0x11, 0x11, 0x11, 0x11, 0x11, 0x11, 0x11,
    0x11, 0x11, 0x16, 0x07, 0x1f, 0x2b, 0x21, 0x35, 0x23, 0x35, 0x23, 0x35, 0x23, 0x35, 0x23, 0x35,
    0x33, 0x15, 0x33, 0x15, 0x33, 0x15, 0x33, 0x15, 0x33, 0x15, 0x03, 0x35, 0x33, 0x35, 0x33, 0x15,
    0x23, 0x15, 0x05, 0x35, 0x33, 0x15, 0x07, 0x35, 0x33, 0x15, 0x02, 0x71, 0x7d, 0x7d, 0x7d, 0x7d,
    0x7d, 0x7d, 0x7d, 0x7d, 0x7d, 0xfa, 0x7d, 0x7d, 0x7d, 0xfe, 0x89, 0x7d, 0xfa, 0x7d, 0x7d, 0x7d,
    0x7d, 0x7d, 0x7d, 0x7d, 0x7d, 0x7d, 0x7d, 0x7d, 0x01, 0x77, 0x7d, 0x7d, 0x7d, 0x7d, 0xfa, 0x7d,
    0x7d, 0x7d, 0x7d, 0x7d, 0x00, 0x03, 0x00, 0x7d, 0x00, 0x00, 0x02, 0xee, 0x02, 0x71, 0x00, 0x0b,
    0x00, 0x0f, 0x00, 0x13, 0x00, 0x45, 0x40, 0x42, 0x08, 0x01, 0x03, 0x0c, 0x09, 0x02, 0x00, 0x04,
    0x03, 0x00, 0x67, 0x0b, 0x07, 0x02, 0x01, 0x01, 0x02, 0x5f, 0x06, 0x01, 0x02, 0x02, 0x15, 0x4d,
    0x00, 0x04, 0x04, 0x05, 0x5f, 0x0a, 0x01, 0x05, 0x05, 0x16, 0x05, 0x4e, 0x10, 0x10, 0x0c, 0x0c,
    0x00, 0x00, 0x10, 0x13, 0x10, 0x13, 0x12, 0x11, 0x0c, 0x0f, 0x0c, 0x0f, 0x0e, 0x0d, 0x00, 0x0b,
    0x00, 0x0b, 0x11, 0x11, 0x11, 0x11, 0x11, 0x0d, 0x07, 0x1b, 0x2b, 0x21, 0x11, 0x23, 0x35, 0x23,
    0x35, 0x33, 0x15, 0x33, 0x15, 0x33, 0x11, 0x13, 0x35, 0x33, 0x15, 0x07, 0x35, 0x33, 0x15, 0x01,
    0x77, 0x7d, 0x7d, 0x7d, 0x7d, 0x7d, 0x7d, 0x7d, 0xfa, 0x7d, 0x01, 0x77, 0x7d, 0x7d, 0x7d, 0x7d,
    0xfe, 0x89, 0x01, 0xf4, 0x7d, 0x7d, 0x7d, 0x7d, 0x7d, 0x00, 0xff, 0xff, 0x00, 0x7d, 0x00, 0x00,
    0x02, 0xee, 0x03, 0xe8, 0x02, 0x26, 0x00, 0x75, 0x00, 0x00, 0x00, 0x07, 0x00, 0xd8, 0x00, 0xfa,
    0x00, 0x00, 0xff, 0xff, 0x00, 0x7d, 0x00, 0x00, 0x02, 0xee, 0x03, 0x6b, 0x02, 0x26, 0x00, 0x75,
    0x00, 0x00, 0x01, 0x06, 0x00, 0xd6, 0x7d, 0x83, 0x00, 0x09, 0xb1, 0x03, 0x02, 0xb8, 0xff, 0x83,
    0xb0, 0x35, 0x2b, 0x00, 0x00, 0x03, 0x00, 0x7d, 0x00, 0x00, 0x01, 0xf4, 0x02, 0x71, 0x00, 0x05,
    0x00, 0x09, 0x00, 0x0f, 0x00, 0x89, 0x4b, 0xb0, 0x0a, 0x50, 0x58, 0x40, 0x2e, 0x08, 0x01, 0x02,
    0x00, 0x03, 0x00, 0x02, 0x72, 0x00, 0x05, 0x04, 0x06, 0x06, 0x05, 0x72, 0x00, 0x03, 0x09, 0x01,
    0x04, 0x05, 0x03, 0x04, 0x67, 0x00, 0x00, 0x00, 0x01, 0x5f, 0x00, 0x01, 0x01, 0x15, 0x4d, 0x00,
    0x06, 0x06, 0x07, 0x60, 0x0a, 0x01, 0x07, 0x07, 0x16, 0x07, 0x4e, 0x1b, 0x40, 0x30, 0x08, 0x01,
    0x02, 0x00, 0x03, 0x00, 0x02, 0x03, 0x80, 0x00, 0x05, 0x04, 0x06, 0x04, 0x05, 0x06, 0x80, 0x00,
    0x03, 0x09, 0x01, 0x04, 0x05, 0x03, 0x04, 0x67, 0x00, 0x00, 0x00, 0x01, 0x5f, 0x00, 0x01, 0x01,
    0x15, 0x4d, 0x00, 0x06, 0x06, 0x07, 0x60, 0x0a, 0x01, 0x07, 0x07, 0x16, 0x07, 0x4e, 0x59, 0x40,
    0x1d, 0x0a, 0x0a, 0x06, 0x06, 0x00, 0x00, 0x0a, 0x0f, 0x0a, 0x0f, 0x0e, 0x0d, 0x0c, 0x0b, 0x06,
    0x09, 0x06, 0x09, 0x08, 0x07, 0x00, 0x05, 0x00, 0x05, 0x11, 0x11, 0x0b, 0x07, 0x18, 0x2b, 0x01,
    0x35, 0x23, 0x35, 0x21, 0x15, 0x07, 0x35, 0x33, 0x15, 0x07, 0x35, 0x33, 0x15, 0x33, 0x15, 0x01,
    0x77, 0xfa, 0x01, 0x77, 0xfa, 0x7d, 0xfa, 0x7d, 0xfa, 0x01, 0x77, 0x7d, 0x7d, 0xfa, 0x7d, 0x7d,
    0x7d, 0xfa, 0xfa, 0x7d, 0x7d, 0x00, 0x00, 0x05, 0x00, 0x7d, 0x00, 0x00, 0x01, 0xf4, 0x03, 0xe8,
    0x00, 0x03, 0x00, 0x0b, 0x00, 0x11, 0x00, 0x15, 0x00, 0x1b, 0x00, 0xbc, 0x4b, 0xb0, 0x0a, 0x50,
    0x58, 0x40, 0x41, 0x0f, 0x01, 0x08, 0x06, 0x09, 0x06, 0x08, 0x72, 0x00, 0x0b, 0x0a, 0x0c, 0x0c,
    0x0b, 0x72, 0x03, 0x01, 0x01, 0x02, 0x01, 0x00, 0x04, 0x01, 0x00, 0x67, 0x00, 0x04, 0x0e, 0x01,
    0x05, 0x07, 0x04, 0x05, 0x67, 0x00, 0x09, 0x10, 0x01, 0x0a, 0x0b, 0x09, 0x0a, 0x67, 0x00, 0x06,
    0x06, 0x07, 0x5f, 0x00, 0x07, 0x07, 0x15, 0x4d, 0x00, 0x0c, 0x0c, 0x0d, 0x60, 0x11, 0x01, 0x0d,
    0x0d, 0x16, 0x0d, 0x4e, 0x1b, 0x40, 0x43, 0x0f, 0x01, 0x08, 0x06, 0x09, 0x06, 0x08, 0x09, 0x80,
    0x00, 0x0b, 0x0a, 0x0c, 0x0a, 0x0b, 0x0c, 0x80, 0x03, 0x01, 0x01, 0x02, 0x01, 0x00, 0x04, 0x01,
    0x00, 0x67, 0x00, 0x04, 0x0e, 0x01, 0x05, 0x07, 0x04, 0x05, 0x67, 0x00, 0x09, 0x10, 0x01, 0x0a,
    0x0b, 0x09, 0x0a, 0x67, 0x00, 0x06, 0x06, 0x07, 0x5f, 0x00, 0x07, 0x07, 0x15, 0x4d, 0x00, 0x0c,
    0x0c, 0x0d, 0x60, 0x11, 0x01, 0x0d, 0x0d, 0x16, 0x0d, 0x4e, 0x59, 0x40, 0x2a, 0x16, 0x16, 0x12,
    0x12, 0x0c, 0x0c, 0x04, 0x04, 0x16, 0x1b, 0x16, 0x1b, 0x1a, 0x19, 0x18, 0x17, 0x12, 0x15, 0x12,
    0x15, 0x14, 0x13, 0x0c, 0x11, 0x0c, 0x11, 0x10, 0x0f, 0x0e, 0x0d, 0x04, 0x0b, 0x04, 0x0b, 0x11,
    0x11, 0x12, 0x11, 0x10, 0x12, 0x07, 0x1b, 0x2b, 0x01, 0x23, 0x35, 0x33, 0x07, 0x35, 0x23, 0x35,
    0x33, 0x15, 0x33, 0x15, 0x11, 0x35, 0x23, 0x35, 0x21, 0x15, 0x07, 0x35, 0x33, 0x15, 0x07, 0x35,
    0x33, 0x15, 0x33, 0x15, 0x01, 0xf4, 0x7d, 0x7d, 0xfa, 0x7d, 0x7d, 0x7d, 0xfa, 0x01, 0x77, 0xfa,
    0x7d, 0xfa, 0x7d, 0xfa, 0x03, 0x6b, 0x7d, 0xfa, 0x7d, 0x7d, 0x7d, 0x7d, 0xfe, 0x89, 0x7d, 0x7d,
    0xfa, 0x7d, 0x7d, 0x7d, 0xfa, 0xfa, 0x7d, 0x7d, 0x00, 0x02, 0x00, 0x7d, 0x00, 0xfa, 0x01, 0xf4,
    0x02, 0x71, 0x00, 0x09, 0x00, 0x0d, 0x00, 0x30, 0x40, 0x2d, 0x03, 0x01, 0x01, 0x00, 0x00, 0x05,
    0x01, 0x00, 0x67, 0x00, 0x05, 0x07, 0x01, 0x04, 0x05, 0x04, 0x64, 0x00, 0x06, 0x06, 0x02, 0x5f,
    0x00, 0x02, 0x02, 0x25, 0x06, 0x4e, 0x00, 0x00, 0x0d, 0x0c, 0x0b, 0x0a, 0x00, 0x09, 0x00, 0x09,
    0x11, 0x11, 0x11, 0x11, 0x08, 0x08, 0x1a, 0x2b, 0x37, 0x35, 0x23, 0x35, 0x33, 0x35, 0x33, 0x15,
    0x33, 0x15, 0x27, 0x33, 0x35, 0x23, 0xfa, 0x7d, 0x7d, 0x7d, 0x7d, 0xf5, 0x78, 0x78, 0xfa, 0x7d,
    0x7d, 0x7d, 0x7d, 0xfa, 0x7d, 0x78, 0x00, 0x02, 0x00, 0x7d, 0x00, 0xfa, 0x01, 0xf4, 0x02, 0x71,
    0x00, 0x0b, 0x00, 0x0f, 0x00, 0x32, 0x40, 0x2f, 0x03, 0x01, 0x01, 0x04, 0x01, 0x00, 0x05, 0x01,
    0x00, 0x67, 0x00, 0x06, 0x08, 0x01, 0x05, 0x06, 0x05, 0x63, 0x00, 0x07, 0x07, 0x02, 0x5f, 0x00,
    0x02, 0x02, 0x25, 0x07, 0x4e, 0x00, 0x00, 0x0f, 0x0e, 0x0d, 0x0c, 0x00, 0x0b, 0x00, 0x0b, 0x11,
    0x11, 0x11, 0x11, 0x11, 0x09, 0x08, 0x1b, 0x2b, 0x37, 0x35, 0x23, 0x35, 0x33, 0x35, 0x33, 0x15,
    0x33, 0x15, 0x23, 0x15, 0x27, 0x33, 0x35, 0x23, 0xfa, 0x7d, 0x7d, 0x7d, 0x7d, 0x7d, 0x78, 0x73,
    0x73, 0xfa, 0x7d, 0x7d, 0x7d, 0x7d, 0x7d, 0x7d, 0x82, 0x73, 0x00, 0x02, 0x00, 0x7d, 0x00, 0x00,
    0x02, 0x71, 0x02, 0x71, 0x00, 0x0b, 0x00, 0x0f, 0x00, 0x35, 0x40, 0x32, 0x03, 0x01, 0x01, 0x04,
    0x01, 0x00, 0x05, 0x01, 0x00, 0x67, 0x00, 0x07, 0x07, 0x02, 0x5f, 0x00, 0x02, 0x02, 0x15, 0x4d,
    0x00, 0x06, 0x06, 0x05, 0x5f, 0x08, 0x01, 0x05, 0x05, 0x16, 0x05, 0x4e, 0x00, 0x00, 0x0f, 0x0e,
    0x0d, 0x0c, 0x00, 0x0b, 0x00, 0x0b, 0x11, 0x11, 0x11, 0x11, 0x11, 0x09, 0x07, 0x1b, 0x2b, 0x33,
    0x35, 0x23, 0x11, 0x33, 0x35, 0x33, 0x15, 0x33, 0x11, 0x23, 0x15, 0x27, 0x33, 0x11, 0x23, 0xfa,
    0x7d, 0x7d, 0xfa, 0x7d, 0x7d, 0xfa, 0xfa, 0xfa, 0x7d, 0x01, 0x77, 0x7d, 0x7d, 0xfe, 0x89, 0x7d,
    0x82, 0x01, 0x6d, 0x00, 0x00, 0x01, 0x00, 0x7d, 0x00, 0x00, 0x01, 0xf4, 0x02, 0x71, 0x00, 0x09,
    0x00, 0x27, 0x40, 0x24, 0x00, 0x01, 0x01, 0x02, 0x5f, 0x00, 0x02, 0x02, 0x15, 0x4d, 0x03, 0x01,
    0x00, 0x00, 0x04, 0x5f, 0x05, 0x01, 0x04, 0x04, 0x16, 0x04, 0x4e, 0x00, 0x00, 0x00, 0x09, 0x00,
    0x09, 0x11, 0x11, 0x11, 0x11, 0x06, 0x07, 0x1a, 0x2b, 0x33, 0x35, 0x33, 0x11, 0x23, 0x35, 0x33,
    0x11, 0x33, 0x15, 0x7d, 0x7d, 0x7d, 0xfa, 0x7d, 0x7d, 0x01, 0x77, 0x7d, 0xfe, 0x0c, 0x7d, 0x00,
    0x00, 0x03, 0x00, 0x7d, 0x00, 0x00, 0x02, 0x71, 0x02, 0x71, 0x00, 0x07, 0x00, 0x0b, 0x00, 0x11,
    0x00, 0x8b, 0x4b, 0xb0, 0x0a, 0x50, 0x58, 0x40, 0x2f, 0x00, 0x06, 0x05, 0x07, 0x07, 0x06, 0x72,
    0x00, 0x02, 0x09, 0x01, 0x03, 0x04, 0x02, 0x03, 0x67, 0x00, 0x04, 0x0a, 0x01, 0x05, 0x06, 0x04,
    0x05, 0x67, 0x00, 0x00, 0x00, 0x01, 0x5f, 0x00, 0x01, 0x01, 0x15, 0x4d, 0x00, 0x07, 0x07, 0x08,
    0x60, 0x0b, 0x01, 0x08, 0x08, 0x16, 0x08, 0x4e, 0x1b, 0x40, 0x30, 0x00, 0x06, 0x05, 0x07, 0x05,
    0x06, 0x07, 0x80, 0x00, 0x02, 0x09, 0x01, 0x03, 0x04, 0x02, 0x03, 0x67, 0x00, 0x04, 0x0a, 0x01,
    0x05, 0x06, 0x04, 0x05, 0x67, 0x00, 0x00, 0x00, 0x01, 0x5f, 0x00, 0x01, 0x01, 0x15, 0x4d, 0x00,
    0x07, 0x07, 0x08, 0x60, 0x0b, 0x01, 0x08, 0x08, 0x16, 0x08, 0x4e, 0x59, 0x40, 0x1e, 0x0c, 0x0c,
    0x08, 0x08, 0x00, 0x00, 0x0c, 0x11, 0x0c, 0x11, 0x10, 0x0f, 0x0e, 0x0d, 0x08, 0x0b, 0x08, 0x0b,
    0x0a, 0x09, 0x00, 0x07, 0x00, 0x07, 0x11, 0x11, 0x11, 0x0c, 0x07, 0x19, 0x2b, 0x01, 0x35, 0x21,
    0x35, 0x21, 0x15, 0x33, 0x15, 0x05, 0x35, 0x33, 0x15, 0x05, 0x35, 0x33, 0x15, 0x21, 0x15, 0x01,
    0xf4, 0xfe, 0x89, 0x01, 0x77, 0x7d, 0xfe, 0x89, 0xfa, 0xfe, 0x89, 0x7d, 0x01, 0x77, 0x01, 0x77,
    0x7d, 0x7d, 0x7d, 0x7d, 0x7d, 0x7d, 0x7d, 0xfa, 0xfa, 0x7d, 0x7d, 0x00, 0x00, 0x03, 0x00, 0x7d,
    0x00, 0x00, 0x02, 0x71, 0x02, 0x71, 0x00, 0x07, 0x00, 0x0f, 0x00, 0x13, 0x00, 0x53, 0x40, 0x50,
    0x00, 0x02, 0x0a, 0x01, 0x03, 0x05, 0x02, 0x03, 0x67, 0x00, 0x05, 0x00, 0x04, 0x06, 0x05, 0x04,
    0x67, 0x00, 0x06, 0x0b, 0x01, 0x07, 0x08, 0x06, 0x07, 0x67, 0x00, 0x00, 0x00, 0x01, 0x5f, 0x00,
    0x01, 0x01, 0x15, 0x4d, 0x00, 0x08, 0x08, 0x09, 0x5f, 0x0c, 0x01, 0x09, 0x09, 0x16, 0x09, 0x4e,
    0x10, 0x10, 0x08, 0x08, 0x00, 0x00, 0x10, 0x13, 0x10, 0x13, 0x12, 0x11, 0x08, 0x0f, 0x08, 0x0f,
    0x0e, 0x0d, 0x0c, 0x0b, 0x0a, 0x09, 0x00, 0x07, 0x00, 0x07, 0x11, 0x11, 0x11, 0x0d, 0x07, 0x19,
    0x2b, 0x01, 0x35, 0x21, 0x35, 0x21, 0x15, 0x33, 0x15, 0x07, 0x35, 0x23, 0x35, 0x33, 0x15, 0x33,
    0x15, 0x05, 0x35, 0x21, 0x15, 0x01, 0xf4, 0xfe, 0x89, 0x01, 0x77, 0x7d, 0x7d, 0xfa, 0xfa, 0x7d,
    0xfe, 0x0c, 0x01, 0x77, 0x01, 0x77, 0x7d, 0x7d, 0x7d, 0x7d, 0xfa, 0x7d, 0x7d, 0x7d, 0x7d, 0x7d,
    0x7d, 0x7d, 0x00, 0x01, 0x00, 0x7d, 0x00, 0x00, 0x02, 0x71, 0x02, 0x71, 0x00, 0x0d, 0x00, 0x29,
    0x40, 0x26, 0x04, 0x01, 0x02, 0x05, 0x01, 0x00, 0x06, 0x02, 0x00, 0x68, 0x03, 0x01, 0x01, 0x01,
    0x15, 0x4d, 0x07, 0x01, 0x06, 0x06, 0x16, 0x06, 0x4e, 0x00, 0x00, 0x00, 0x0d, 0x00, 0x0d, 0x11,
    0x11, 0x11, 0x11, 0x11, 0x11, 0x08, 0x07, 0x1c, 0x2b, 0x21, 0x35, 0x23, 0x11, 0x33, 0x15, 0x33,
    0x35, 0x33, 0x15, 0x33, 0x15, 0x23, 0x15, 0x01, 0x77, 0xfa, 0x7d, 0x7d, 0x7d, 0x7d, 0x7d, 0xfa,
    0x01, 0x77, 0xfa, 0xfa, 0xfa, 0x7d, 0xfa, 0x00, 0x00, 0x02, 0x00, 0x7d, 0x00, 0x00, 0x02, 0x71,
    0x02, 0x71, 0x00, 0x0b, 0x00, 0x0f, 0x00, 0x40, 0x40, 0x3d, 0x00, 0x03, 0x00, 0x00, 0x04, 0x03,
    0x00, 0x67, 0x00, 0x04, 0x08, 0x01, 0x05, 0x06, 0x04, 0x05, 0x67, 0x00, 0x02, 0x02, 0x01, 0x5f,
    0x00, 0x01, 0x01, 0x15, 0x4d, 0x00, 0x06, 0x06, 0x07, 0x5f, 0x09, 0x01, 0x07, 0x07, 0x16, 0x07,
    0x4e, 0x0c, 0x0c, 0x00, 0x00, 0x0c, 0x0f, 0x0c, 0x0f, 0x0e, 0x0d, 0x00, 0x0b, 0x00, 0x0b, 0x11,
    0x11, 0x11, 0x11, 0x11, 0x0a, 0x07, 0x1b, 0x2b, 0x25, 0x35, 0x21, 0x11, 0x21, 0x15, 0x21, 0x15,
    0x33, 0x15, 0x33, 0x15, 0x05, 0x35, 0x21, 0x15, 0x01, 0xf4, 0xfe, 0x89, 0x01, 0xf4, 0xfe, 0x89,
    0xfa, 0x7d, 0xfe, 0x0c, 0x01, 0x77, 0x7d, 0x7d, 0x01, 0x77, 0x7d, 0x7d, 0x7d, 0x7d, 0x7d, 0x7d,
    0x7d, 0x00, 0x00, 0x02, 0x00, 0x7d, 0x00, 0x00, 0x02, 0x71, 0x02, 0x71, 0x00, 0x0f, 0x00, 0x13,
    0x00, 0x44, 0x40, 0x41, 0x00, 0x01, 0x04, 0x00, 0x01, 0x57, 0x00, 0x04, 0x00, 0x09, 0x08, 0x04,
    0x09, 0x67, 0x00, 0x05, 0x06, 0x01, 0x00, 0x07, 0x05, 0x00, 0x67, 0x00, 0x03, 0x03, 0x02, 0x5f,
    0x00, 0x02, 0x02, 0x15, 0x4d, 0x00, 0x08, 0x08, 0x07, 0x5f, 0x0a, 0x01, 0x07, 0x07, 0x16, 0x07,
    0x4e, 0x00, 0x00, 0x13, 0x12, 0x11, 0x10, 0x00, 0x0f, 0x00, 0x0f, 0x11, 0x11, 0x11, 0x11, 0x11,
    0x11, 0x11, 0x0b, 0x07, 0x1d, 0x2b, 0x33, 0x35, 0x23, 0x11, 0x33, 0x35, 0x33, 0x15, 0x23, 0x15,
    0x33, 0x15, 0x33, 0x15, 0x23, 0x15, 0x27, 0x33, 0x35, 0x23, 0xfa, 0x7d, 0x7d, 0xfa, 0xfa, 0xfa,
    0x7d, 0x7d, 0xfa, 0xfa, 0xfa, 0x7d, 0x01, 0x77, 0x7d, 0x7d, 0x7d, 0x7d, 0x7d, 0x7d, 0x82, 0x73,
    0x00, 0x01, 0x00, 0x7d, 0x00, 0x00, 0x02, 0x71, 0x02, 0x71, 0x00, 0x0d, 0x00, 0x68, 0x4b, 0xb0,
    0x0a, 0x50, 0x58, 0x40, 0x25, 0x00, 0x04, 0x02, 0x01, 0x02, 0x04, 0x72, 0x00, 0x01, 0x00, 0x05,
    0x00, 0x01, 0x05, 0x67, 0x00, 0x02, 0x02, 0x03, 0x5f, 0x00, 0x03, 0x03, 0x15, 0x4d, 0x00, 0x00,
    0x00, 0x06, 0x5f, 0x07, 0x01, 0x06, 0x06, 0x16, 0x06, 0x4e, 0x1b, 0x40, 0x26, 0x00, 0x04, 0x02,
    0x01, 0x02, 0x04, 0x01, 0x80, 0x00, 0x01, 0x00, 0x05, 0x00, 0x01, 0x05, 0x67, 0x00, 0x02, 0x02,
    0x03, 0x5f, 0x00, 0x03, 0x03, 0x15, 0x4d, 0x00, 0x00, 0x00, 0x06, 0x5f, 0x07, 0x01, 0x06, 0x06,
    0x16, 0x06, 0x4e, 0x59, 0x40, 0x0f, 0x00, 0x00, 0x00, 0x0d, 0x00, 0x0d, 0x11, 0x11, 0x11, 0x11,
    0x11, 0x11, 0x08, 0x07, 0x1c, 0x2b, 0x33, 0x35, 0x33, 0x35, 0x33, 0x35, 0x21, 0x35, 0x21, 0x15,
    0x23, 0x15, 0x23, 0x15, 0xfa, 0x7d, 0x7d, 0xfe, 0x89, 0x01, 0xf4, 0x7d, 0x7d, 0xfa, 0x7d, 0x7d,
    0x7d, 0xfa, 0x7d, 0xfa, 0x00, 0x03, 0x00, 0x7d, 0x00, 0x00, 0x02, 0x71, 0x02, 0x71, 0x00, 0x13,
    0x00, 0x17, 0x00, 0x1b, 0x00, 0x4f, 0x40, 0x4c, 0x05, 0x01, 0x03, 0x06, 0x01, 0x02, 0x01, 0x03,
    0x02, 0x67, 0x00, 0x0a, 0x00, 0x0d, 0x0c, 0x0a, 0x0d, 0x67, 0x07, 0x01, 0x01, 0x08, 0x01, 0x00,
    0x09, 0x01, 0x00, 0x67, 0x00, 0x0b, 0x0b, 0x04, 0x5f, 0x00, 0x04, 0x04, 0x15, 0x4d, 0x00, 0x0c,
    0x0c, 0x09, 0x5f, 0x0e, 0x01, 0x09, 0x09, 0x16, 0x09, 0x4e, 0x00, 0x00, 0x1b, 0x1a, 0x19, 0x18,
    0x17, 0x16, 0x15, 0x14, 0x00, 0x13, 0x00, 0x13, 0x11, 0x11, 0x11, 0x11, 0x11, 0x11, 0x11, 0x11,
    0x11, 0x0f, 0x07, 0x1f, 0x2b, 0x33, 0x35, 0x23, 0x35, 0x33, 0x35, 0x23, 0x35, 0x33, 0x35, 0x33,
    0x15, 0x33, 0x15, 0x23, 0x15, 0x33, 0x15, 0x23, 0x15, 0x03, 0x33, 0x35, 0x23, 0x11, 0x33, 0x35,
    0x23, 0xfa, 0x7d, 0x7d, 0x7d, 0x7d, 0xfa, 0x7d, 0x7d, 0x7d, 0x7d, 0xfa, 0xfa, 0xfa, 0xfa, 0xfa,
    0x7d, 0x7d, 0x7d, 0x7d, 0x7d, 0x7d, 0x7d, 0x7d, 0x7d, 0x7d, 0x01, 0x7c, 0x73, 0xfe, 0x93, 0x73,
    0x00, 0x02, 0x00, 0x7d, 0x00, 0x00, 0x02, 0x71, 0x02, 0x71, 0x00, 0x0f, 0x00, 0x13, 0x00, 0x44,
    0x40, 0x41, 0x00, 0x02, 0x01, 0x03, 0x02, 0x57, 0x00, 0x08, 0x00, 0x01, 0x06, 0x08, 0x01, 0x67,
    0x05, 0x01, 0x03, 0x00, 0x06, 0x00, 0x03, 0x06, 0x67, 0x00, 0x09, 0x09, 0x04, 0x5f, 0x00, 0x04,
    0x04, 0x15, 0x4d, 0x00, 0x00, 0x00, 0x07, 0x5f, 0x0a, 0x01, 0x07, 0x07, 0x16, 0x07, 0x4e, 0x00,
    0x00, 0x13, 0x12, 0x11, 0x10, 0x00, 0x0f, 0x00, 0x0f, 0x11, 0x11, 0x11, 0x11, 0x11, 0x11, 0x11,
    0x0b, 0x07, 0x1d, 0x2b, 0x33, 0x35, 0x33, 0x35, 0x23, 0x35, 0x23, 0x35, 0x33, 0x35, 0x33, 0x15,
    0x33, 0x11, 0x23, 0x15, 0x03, 0x33, 0x35, 0x23, 0xfa, 0xfa, 0xfa, 0x7d, 0x7d, 0xfa, 0x7d, 0x7d,
    0xfa, 0xfa, 0xfa, 0x7d, 0x7d, 0x7d, 0x7d, 0x7d, 0x7d, 0xfe, 0x89, 0x7d, 0x01, 0x7c, 0x73, 0x00,
    0x00, 0x01, 0x00, 0x7d, 0x00, 0x7d, 0x01, 0x77, 0x02, 0x71, 0x00, 0x05, 0x00, 0x1f, 0x40, 0x1c,
    0x00, 0x00, 0x00, 0x01, 0x5f, 0x00, 0x01, 0x01, 0x25, 0x4d, 0x03, 0x01, 0x02, 0x02, 0x26, 0x02,
    0x4e, 0x00, 0x00, 0x00, 0x05, 0x00, 0x05, 0x11, 0x11, 0x04, 0x08, 0x18, 0x2b, 0x37, 0x11, 0x23,
    0x35, 0x33, 0x11, 0xfa, 0x7d, 0xfa, 0x7d, 0x01, 0x77, 0x7d, 0xfe, 0x0c, 0x00, 0x01, 0x00, 0x7d,
    0x00, 0x7d, 0x01, 0xf4, 0x02, 0x71, 0x00, 0x0f, 0x00, 0x6b, 0x4b, 0xb0, 0x0a, 0x50, 0x58, 0x40,
    0x26, 0x00, 0x01, 0x05, 0x00, 0x00, 0x01, 0x72, 0x00, 0x04, 0x00, 0x05, 0x01, 0x04, 0x05, 0x67,
    0x00, 0x02, 0x02, 0x03, 0x5f, 0x00, 0x03, 0x03, 0x25, 0x4d, 0x06, 0x01, 0x00, 0x00, 0x07, 0x60,
    0x08, 0x01, 0x07, 0x07, 0x26, 0x07, 0x4e, 0x1b, 0x40, 0x27, 0x00, 0x01, 0x05, 0x00, 0x05, 0x01,
    0x00, 0x80, 0x00, 0x04, 0x00, 0x05, 0x01, 0x04, 0x05, 0x67, 0x00, 0x02, 0x02, 0x03, 0x5f, 0x00,
    0x03, 0x03, 0x25, 0x4d, 0x06, 0x01, 0x00, 0x00, 0x07, 0x60, 0x08, 0x01, 0x07, 0x07, 0x26, 0x07,
    0x4e, 0x59, 0x40, 0x10, 0x00, 0x00, 0x00, 0x0f, 0x00, 0x0f, 0x11, 0x11, 0x11, 0x11, 0x11, 0x11,
    0x11, 0x09, 0x08, 0x1d, 0x2b, 0x37, 0x35, 0x33, 0x35, 0x33, 0x35, 0x23, 0x35, 0x33, 0x15, 0x33,
    0x15, 0x23, 0x15, 0x33, 0x15, 0x7d, 0x7d, 0x7d, 0xfa, 0xfa, 0x7d, 0x7d, 0x7d, 0x7d, 0x7d, 0x7d,
    0x7d, 0x7d, 0x7d, 0x7d, 0x7d, 0x7d, 0x00, 0x01, 0x00, 0x7d, 0x00, 0x7d, 0x01, 0xf4, 0x02, 0x71,
    0x00, 0x0b, 0x00, 0x65, 0x4b, 0xb0, 0x0a, 0x50, 0x58, 0x40, 0x24, 0x00, 0x04, 0x02, 0x01, 0x02,
    0x04, 0x01, 0x80, 0x00, 0x01, 0x00, 0x02, 0x01, 0x70, 0x00, 0x02, 0x02, 0x03, 0x5f, 0x00, 0x03,
    0x03, 0x25, 0x4d, 0x00, 0x00, 0x00, 0x05, 0x5f, 0x06, 0x01, 0x05, 0x05, 0x26, 0x05, 0x4e, 0x1b,
    0x40, 0x25, 0x00, 0x04, 0x02, 0x01, 0x02, 0x04, 0x01, 0x80, 0x00, 0x01, 0x00, 0x02, 0x01, 0x00,
    0x7e, 0x00, 0x02, 0x02, 0x03, 0x5f, 0x00, 0x03, 0x03, 0x25, 0x4d, 0x00, 0x00, 0x00, 0x05, 0x5f,
    0x06, 0x01, 0x05, 0x05, 0x26, 0x05, 0x4e, 0x59, 0x40, 0x0e, 0x00, 0x00, 0x00, 0x0b, 0x00, 0x0b,
    0x11, 0x11, 0x11, 0x11, 0x11, 0x07, 0x08, 0x1b, 0x2b, 0x37, 0x35, 0x33, 0x35, 0x23, 0x35, 0x23,
    0x35, 0x33, 0x15, 0x33, 0x11, 0x7d, 0xfa, 0x7d, 0x7d, 0xfa, 0x7d, 0x7d, 0x7d, 0x7d, 0x7d, 0x7d,
    0x7d, 0xfe, 0x89, 0x00, 0x00, 0x04, 0x00, 0x7d, 0x00, 0x00, 0x03, 0xe8, 0x02, 0x71, 0x00, 0x11,
    0x00, 0x15, 0x00, 0x19, 0x00, 0x1d, 0x00, 0x6c, 0xb1, 0x06, 0x64, 0x44, 0x40, 0x61, 0x09, 0x01,
    0x03, 0x04, 0x06, 0x03, 0x57, 0x00, 0x04, 0x00, 0x02, 0x05, 0x04, 0x02, 0x68, 0x0b, 0x01, 0x05,
    0x11, 0x0c, 0x10, 0x0a, 0x04, 0x06, 0x01, 0x05, 0x06, 0x67, 0x0d, 0x01, 0x01, 0x00, 0x08, 0x01,
    0x57, 0x07, 0x01, 0x00, 0x08, 0x08, 0x00, 0x57, 0x07, 0x01, 0x00, 0x00, 0x08, 0x60, 0x12, 0x0e,
    0x0f, 0x03, 0x08, 0x00, 0x08, 0x50, 0x1a, 0x1a, 0x16, 0x16, 0x12, 0x12, 0x00, 0x00, 0x1a, 0x1d,
    0x1a, 0x1d, 0x1c, 0x1b, 0x16, 0x19, 0x16, 0x19, 0x18, 0x17, 0x12, 0x15, 0x12, 0x15, 0x14, 0x13,
    0x00, 0x11, 0x00, 0x11, 0x11, 0x11, 0x11, 0x11, 0x11, 0x11, 0x11, 0x11, 0x13, 0x07, 0x1e, 0x2b,
    0xb1, 0x06, 0x00, 0x44, 0x21, 0x35, 0x33, 0x35, 0x33, 0x35, 0x21, 0x35, 0x33, 0x15, 0x37, 0x15,
    0x33, 0x15, 0x23, 0x15, 0x33, 0x15, 0x25, 0x11, 0x33, 0x11, 0x33, 0x35, 0x33, 0x15, 0x07, 0x35,
    0x33, 0x15, 0x02, 0x71, 0x7d, 0x7d, 0xfe, 0x89, 0x7d, 0xfa, 0x7d, 0x7d, 0x7d, 0xfc, 0x95, 0x7d,
    0x7d, 0x7d, 0xfa, 0x7d, 0x7d, 0x7d, 0x7d, 0xfa, 0x7e, 0x01, 0x7d, 0x7d, 0x7d, 0x7d, 0xfa, 0x01,
    0x77, 0xfe, 0x89, 0x7d, 0x7d, 0xfa, 0xfa, 0xfa, 0x00, 0x05, 0x00, 0x7d, 0x00, 0x00, 0x03, 0xe8,
    0x02, 0x71, 0x00, 0x03, 0x00, 0x07, 0x00, 0x11, 0x00, 0x15, 0x00, 0x19, 0x00, 0x69, 0xb1, 0x06,
    0x64, 0x44, 0x40, 0x5e, 0x02, 0x01, 0x00, 0x0e, 0x01, 0x03, 0x05, 0x00, 0x03, 0x67, 0x09, 0x07,
    0x02, 0x05, 0x10, 0x0a, 0x0d, 0x03, 0x01, 0x06, 0x05, 0x01, 0x67, 0x0b, 0x01, 0x06, 0x00, 0x04,
    0x08, 0x06, 0x04, 0x68, 0x0b, 0x01, 0x06, 0x06, 0x08, 0x60, 0x11, 0x0c, 0x0f, 0x03, 0x08, 0x06,
    0x08, 0x50, 0x16, 0x16, 0x12, 0x12, 0x08, 0x08, 0x04, 0x04, 0x00, 0x00, 0x16, 0x19, 0x16, 0x19,
    0x18, 0x17, 0x12, 0x15, 0x12, 0x15, 0x14, 0x13, 0x08, 0x11, 0x08, 0x11, 0x10, 0x0f, 0x0e, 0x0d,
    0x0c, 0x0b, 0x0a, 0x09, 0x04, 0x07, 0x04, 0x07, 0x06, 0x05, 0x00, 0x03, 0x00, 0x03, 0x11, 0x12,
    0x07, 0x17, 0x2b, 0xb1, 0x06, 0x00, 0x44, 0x37, 0x11, 0x33, 0x11, 0x37, 0x35, 0x33, 0x15, 0x13,
    0x35, 0x23, 0x35, 0x33, 0x15, 0x33, 0x35, 0x33, 0x11, 0x25, 0x35, 0x33, 0x15, 0x07, 0x35, 0x33,
    0x15, 0x7d, 0x7d, 0xfa, 0x7d, 0xfa, 0xfa, 0x7d, 0x7d, 0x7d, 0xfd, 0x8f, 0x7d, 0xfa, 0x7d, 0xfa,
    0x01, 0x77, 0xfe, 0x89, 0x7d, 0xfa, 0xfa, 0xfe, 0x89, 0x7d, 0xfa, 0x7d, 0x7d, 0xfe, 0x89, 0xfa,
    0x7d, 0x7d, 0xfa, 0xfa, 0xfa, 0x00, 0x00, 0x03, 0x00, 0x7d, 0x00, 0x00, 0x04, 0x65, 0x02, 0x71,
    0x00, 0x03, 0x00, 0x15, 0x00, 0x1f, 0x00, 0x73, 0xb1, 0x06, 0x64, 0x44, 0x40, 0x68, 0x00, 0x05,
    0x07, 0x00, 0x05, 0x57, 0x00, 0x07, 0x01, 0x0a, 0x07, 0x57, 0x06, 0x01, 0x00, 0x04, 0x10, 0x02,
    0x01, 0x08, 0x00, 0x01, 0x67, 0x0e, 0x0c, 0x02, 0x08, 0x00, 0x09, 0x03, 0x08, 0x09, 0x67, 0x0d,
    0x01, 0x03, 0x0b, 0x01, 0x02, 0x0a, 0x03, 0x02, 0x68, 0x0e, 0x0c, 0x02, 0x08, 0x08, 0x0a, 0x5f,
    0x12, 0x0f, 0x11, 0x03, 0x0a, 0x08, 0x0a, 0x4f, 0x16, 0x16, 0x04, 0x04, 0x00, 0x00, 0x16, 0x1f,
    0x16, 0x1f, 0x1e, 0x1d, 0x1c, 0x1b, 0x1a, 0x19, 0x18, 0x17, 0x04, 0x15, 0x04, 0x15, 0x14, 0x13,
    0x12, 0x11, 0x10, 0x0f, 0x0e, 0x0d, 0x0c, 0x0b, 0x0a, 0x09, 0x08, 0x07, 0x06, 0x05, 0x00, 0x03,
    0x00, 0x03, 0x11, 0x13, 0x07, 0x17, 0x2b, 0xb1, 0x06, 0x00, 0x44, 0x01, 0x35, 0x33, 0x15, 0x01,
    0x35, 0x23, 0x35, 0x33, 0x35, 0x23, 0x35, 0x23, 0x35, 0x33, 0x15, 0x33, 0x15, 0x33, 0x15, 0x23,
    0x15, 0x21, 0x35, 0x23, 0x35, 0x33, 0x15, 0x33, 0x35, 0x33, 0x11, 0x02, 0x71, 0x7d, 0xfe, 0x89,
    0xfa, 0xfa, 0x7d, 0x7d, 0xfa, 0x7d, 0x7d, 0x7d, 0x01, 0xf4, 0xfa, 0x7d, 0x7d, 0x7d, 0x01, 0x77,
    0xfa, 0xfa, 0xfe, 0x89, 0x7d, 0x7d, 0x7d, 0x7d, 0x7d, 0x7d, 0x7d, 0x7d, 0xfa, 0x7d, 0xfa, 0x7d,
    0x7d, 0xfe, 0x89, 0x00, 0x00, 0x01, 0x00, 0x7d, 0x00, 0x00, 0x00, 0xfa, 0x00, 0x7d, 0x00, 0x03,
    0x00, 0x19, 0x40, 0x16, 0x00, 0x00, 0x00, 0x01, 0x5f, 0x02, 0x01, 0x01, 0x01, 0x16, 0x01, 0x4e,
    0x00, 0x00, 0x00, 0x03, 0x00, 0x03, 0x11, 0x03, 0x07, 0x17, 0x2b, 0x33, 0x35, 0x33, 0x15, 0x7d,
    0x7d, 0x7d, 0x7d, 0x00, 0x00, 0x02, 0x00, 0x7d, 0xff, 0x83, 0x01, 0x77, 0x00, 0x7d, 0x00, 0x03,
    0x00, 0x07, 0x00, 0x29, 0x40, 0x26, 0x00, 0x02, 0x05, 0x01, 0x03, 0x02, 0x03, 0x63, 0x00, 0x00,
    0x00, 0x01, 0x5f, 0x04, 0x01, 0x01, 0x01, 0x16, 0x01, 0x4e, 0x04, 0x04, 0x00, 0x00, 0x04, 0x07,
    0x04, 0x07, 0x06, 0x05, 0x00, 0x03, 0x00, 0x03, 0x11, 0x06, 0x07, 0x17, 0x2b, 0x33, 0x35, 0x33,
    0x15, 0x07, 0x35, 0x33, 0x15, 0xfa, 0x7d, 0xfa, 0x7d, 0x7d, 0x7d, 0x7d, 0x7d, 0x7d, 0x00, 0x02,
    0x00, 0x7d, 0x00, 0x7d, 0x00, 0xfa, 0x01, 0xf4, 0x00, 0x03, 0x00, 0x07, 0x00, 0x2f, 0x40, 0x2c,
    0x00, 0x00, 0x04, 0x01, 0x01, 0x02, 0x00, 0x01, 0x67, 0x00, 0x02, 0x03, 0x03, 0x02, 0x57, 0x00,
    0x02, 0x02, 0x03, 0x5f, 0x05, 0x01, 0x03, 0x02, 0x03, 0x4f, 0x04, 0x04, 0x00, 0x00, 0x04, 0x07,
    0x04, 0x07, 0x06, 0x05, 0x00, 0x03, 0x00, 0x03, 0x11, 0x06, 0x07, 0x17, 0x2b, 0x13, 0x35, 0x33,
    0x15, 0x07, 0x35, 0x33, 0x15, 0x7d, 0x7d, 0x7d, 0x7d, 0x01, 0x77, 0x7d, 0x7d, 0xfa, 0x7d, 0x7d,
    0x00, 0x03, 0x00, 0x7d, 0x00, 0x00, 0x01, 0x77, 0x01, 0xf4, 0x00, 0x03, 0x00, 0x07, 0x00, 0x0b,
    0x00, 0x3b, 0x40, 0x38, 0x00, 0x00, 0x06, 0x01, 0x01, 0x02, 0x00, 0x01, 0x67, 0x00, 0x02, 0x07,
    0x01, 0x03, 0x04, 0x02, 0x03, 0x67, 0x00, 0x04, 0x04, 0x05, 0x5f, 0x08, 0x01, 0x05, 0x05, 0x16,
    0x05, 0x4e, 0x08, 0x08, 0x04, 0x04, 0x00, 0x00, 0x08, 0x0b, 0x08, 0x0b, 0x0a, 0x09, 0x04, 0x07,
    0x04, 0x07, 0x06, 0x05, 0x00, 0x03, 0x00, 0x03, 0x11, 0x09, 0x07, 0x17, 0x2b, 0x13, 0x35, 0x33,
    0x15, 0x07, 0x35, 0x33, 0x15, 0x07, 0x35, 0x33, 0x15, 0xfa, 0x7d, 0x7d, 0x7d, 0xfa, 0x7d, 0x01,
    0x77, 0x7d, 0x7d, 0xfa, 0x7d, 0x7d, 0x7d, 0x7d, 0x7d, 0x00, 0x00, 0x03, 0x00, 0x7d, 0x00, 0x00,
    0x02, 0xee, 0x00, 0x7d, 0x00, 0x03, 0x00, 0x07, 0x00, 0x0b, 0x00, 0x2f, 0x40, 0x2c, 0x04, 0x02,
    0x02, 0x00, 0x00, 0x01, 0x5f, 0x08, 0x05, 0x07, 0x03, 0x06, 0x05, 0x01, 0x01, 0x16, 0x01, 0x4e,
    0x08, 0x08, 0x04, 0x04, 0x00, 0x00, 0x08, 0x0b, 0x08, 0x0b, 0x0a, 0x09, 0x04, 0x07, 0x04, 0x07,
    0x06, 0x05, 0x00, 0x03, 0x00, 0x03, 0x11, 0x09, 0x07, 0x17, 0x2b, 0x21, 0x35, 0x33, 0x15, 0x21,
    0x35, 0x33, 0x15, 0x33, 0x35, 0x33, 0x15, 0x02, 0x71, 0x7d, 0xfd, 0x8f, 0x7d, 0x7d, 0x7d, 0x7d,
    0x7d, 0x7d, 0x7d, 0x7d, 0x7d, 0x00, 0x00, 0x02, 0x00, 0x7d, 0x00, 0x00, 0x00, 0xfa, 0x02, 0x71,
    0x00, 0x03, 0x00, 0x07, 0x00, 0x2c, 0x40, 0x29, 0x04, 0x01, 0x01, 0x01, 0x00, 0x5f, 0x00, 0x00,
    0x00, 0x15, 0x4d, 0x00, 0x02, 0x02, 0x03, 0x5f, 0x05, 0x01, 0x03, 0x03, 0x16, 0x03, 0x4e, 0x04,
    0x04, 0x00, 0x00, 0x04, 0x07, 0x04, 0x07, 0x06, 0x05, 0x00, 0x03, 0x00, 0x03, 0x11, 0x06, 0x07,
    0x17, 0x2b, 0x37, 0x11, 0x33, 0x11, 0x07, 0x35, 0x33, 0x15, 0x7d, 0x7d, 0x7d, 0x7d, 0xfa, 0x01,
    0x77, 0xfe, 0x89, 0xfa, 0x7d, 0x7d, 0x00, 0x02, 0x00, 0x7d, 0x00, 0x00, 0x00, 0xfa, 0x02, 0x71,
    0x00, 0x03, 0x00, 0x07, 0x00, 0x2c, 0x40, 0x29, 0x04, 0x01, 0x01, 0x01, 0x00, 0x5f, 0x00, 0x00,
    0x00, 0x15, 0x4d, 0x00, 0x02, 0x02, 0x03, 0x5f, 0x05, 0x01, 0x03, 0x03, 0x16, 0x03, 0x4e, 0x04,
    0x04, 0x00, 0x00, 0x04, 0x07, 0x04, 0x07, 0x06, 0x05, 0x00, 0x03, 0x00, 0x03, 0x11, 0x06, 0x07,
    0x17, 0x2b, 0x13, 0x35, 0x33, 0x15, 0x03, 0x11, 0x33, 0x11, 0x7d, 0x7d, 0x7d, 0x7d, 0x01, 0xf4,
    0x7d, 0x7d, 0xfe, 0x0c, 0x01, 0x77, 0xfe, 0x89, 0x00, 0x03, 0x00, 0x7d, 0x00, 0x00, 0x02, 0x71,
    0x02, 0x71, 0x00, 0x07, 0x00, 0x0b, 0x00, 0x0f, 0x00, 0x47, 0x40, 0x44, 0x00, 0x02, 0x08, 0x01,
    0x03, 0x04, 0x02, 0x03, 0x67, 0x00, 0x04, 0x09, 0x01, 0x05, 0x06, 0x04, 0x05, 0x67, 0x00, 0x00,
    0x00, 0x01, 0x5f, 0x00, 0x01, 0x01, 0x15, 0x4d, 0x00, 0x06, 0x06, 0x07, 0x5f, 0x0a, 0x01, 0x07,
    0x07, 0x16, 0x07, 0x4e, 0x0c, 0x0c, 0x08, 0x08, 0x00, 0x00, 0x0c, 0x0f, 0x0c, 0x0f, 0x0e, 0x0d,
    0x08, 0x0b, 0x08, 0x0b, 0x0a, 0x09, 0x00, 0x07, 0x00, 0x07, 0x11, 0x11, 0x11, 0x0b, 0x07, 0x19,
    0x2b, 0x01, 0x35, 0x21, 0x35, 0x21, 0x15, 0x33, 0x15, 0x05, 0x35, 0x33, 0x15, 0x07, 0x35, 0x33,
    0x15, 0x01, 0xf4, 0xfe, 0x89, 0x01, 0x77, 0x7d, 0xfe, 0x89, 0xfa, 0xfa, 0x7d, 0x01, 0x77, 0x7d,
    0x7d, 0x7d, 0x7d, 0x7d, 0x7d, 0x7d, 0xfa, 0x7d, 0x7d, 0x00, 0x00, 0x03, 0x00, 0x7d, 0x00, 0x00,
    0x02, 0x71, 0x02, 0x71, 0x00, 0x03, 0x00, 0x07, 0x00, 0x0f, 0x00, 0x49, 0x40, 0x46, 0x00, 0x02,
    0x09, 0x01, 0x03, 0x05, 0x02, 0x03, 0x67, 0x00, 0x05, 0x00, 0x04, 0x06, 0x05, 0x04, 0x67, 0x08,
    0x01, 0x01, 0x01, 0x00, 0x5f, 0x00, 0x00, 0x00, 0x15, 0x4d, 0x00, 0x06, 0x06, 0x07, 0x5f, 0x0a,
    0x01, 0x07, 0x07, 0x16, 0x07, 0x4e, 0x08, 0x08, 0x04, 0x04, 0x00, 0x00, 0x08, 0x0f, 0x08, 0x0f,
    0x0e, 0x0d, 0x0c, 0x0b, 0x0a, 0x09, 0x04, 0x07, 0x04, 0x07, 0x06, 0x05, 0x00, 0x03, 0x00, 0x03,
    0x11, 0x0b, 0x07, 0x17, 0x2b, 0x01, 0x35, 0x33, 0x15, 0x07, 0x35, 0x33, 0x15, 0x07, 0x35, 0x23,
    0x35, 0x33, 0x15, 0x21, 0x15, 0x01, 0x77, 0x7d, 0xfa, 0xfa, 0xfa, 0x7d, 0x7d, 0x01, 0x77, 0x01,
    0xf4, 0x7d, 0x7d, 0xfa, 0x7d, 0x7d, 0xfa, 0x7d, 0x7d, 0x7d, 0x7d, 0x00, 0x00, 0x01, 0x00, 0x7d,
    0x00, 0xfa, 0x00, 0xfa, 0x01, 0x77, 0x00, 0x03, 0x00, 0x1e, 0x40, 0x1b, 0x00, 0x00, 0x01, 0x01,
    0x00, 0x57, 0x00, 0x00, 0x00, 0x01, 0x5f, 0x02, 0x01, 0x01, 0x00, 0x01, 0x4f, 0x00, 0x00, 0x00,
    0x03, 0x00, 0x03, 0x11, 0x03, 0x07, 0x17, 0x2b, 0x37, 0x35, 0x33, 0x15, 0x7d, 0x7d, 0xfa, 0x7d,
    0x7d, 0x00, 0x00, 0x01, 0x00, 0x7d, 0x00, 0xfa, 0x00, 0xfa, 0x01, 0x77, 0x00, 0x03, 0x00, 0x1e,
    0x40, 0x1b, 0x00, 0x00, 0x01, 0x01, 0x00, 0x57, 0x00, 0x00, 0x00, 0x01, 0x5f, 0x02, 0x01, 0x01,
    0x00, 0x01, 0x4f, 0x00, 0x00, 0x00, 0x03, 0x00, 0x03, 0x11, 0x03, 0x07, 0x17, 0x2b, 0x37, 0x35,
    0x33, 0x15, 0x7d, 0x7d, 0xfa, 0x7d, 0x7d, 0x00, 0x00, 0x02, 0x00, 0x7d, 0x00, 0x00, 0x02, 0xee,
    0x02, 0x71, 0x00, 0x17, 0x00, 0x1b, 0x00, 0x4c, 0x40, 0x49, 0x0c, 0x01, 0x04, 0x0f, 0x0d, 0x02,
    0x03, 0x05, 0x04, 0x03, 0x67, 0x07, 0x01, 0x05, 0x0a, 0x01, 0x00, 0x02, 0x05, 0x00, 0x67, 0x08,
    0x01, 0x02, 0x09, 0x01, 0x01, 0x0b, 0x02, 0x01, 0x67, 0x00, 0x06, 0x06, 0x15, 0x4d, 0x0e, 0x01,
    0x0b, 0x0b, 0x16, 0x0b, 0x4e, 0x18, 0x18, 0x00, 0x00, 0x18, 0x1b, 0x18, 0x1b, 0x1a, 0x19, 0x00,
    0x17, 0x00, 0x17, 0x16, 0x15, 0x14, 0x13, 0x11, 0x11, 0x11, 0x11, 0x11, 0x11, 0x11, 0x11, 0x11,
    0x10, 0x07, 0x1f, 0x2b, 0x21, 0x35, 0x23, 0x15, 0x23, 0x35, 0x33, 0x35, 0x23, 0x35, 0x33, 0x15,
    0x33, 0x35, 0x33, 0x15, 0x33, 0x15, 0x33, 0x15, 0x23, 0x35, 0x23, 0x15, 0x13, 0x35, 0x33, 0x15,
    0x01, 0x77, 0x7d, 0x7d, 0x7d, 0x7d, 0x7d, 0x7d, 0x7d, 0x7d, 0x7d, 0x7d, 0x7d, 0x7d, 0x7d, 0xfa,
    0x7d, 0x7d, 0x7d, 0x7d, 0x7d, 0xfa, 0xfa, 0x7d, 0x7d, 0x7d, 0xfa, 0x01, 0x77, 0x7d, 0x7d, 0x00,
    0x00, 0x02, 0x00, 0x7d, 0x00, 0x00, 0x02, 0xee, 0x02, 0x71, 0x00, 0x1b, 0x00, 0x1f, 0x00, 0x47,
    0x40, 0x44, 0x07, 0x05, 0x02, 0x03, 0x0f, 0x08, 0x02, 0x02, 0x01, 0x03, 0x02, 0x67, 0x0e, 0x09,
    0x02, 0x01, 0x0c, 0x0a, 0x02, 0x00, 0x0b, 0x01, 0x00, 0x67, 0x06, 0x01, 0x04, 0x04, 0x15, 0x4d,
    0x10, 0x0d, 0x02, 0x0b, 0x0b, 0x16, 0x0b, 0x4e, 0x00, 0x00, 0x1f, 0x1e, 0x1d, 0x1c, 0x00, 0x1b,
    0x00, 0x1b, 0x1a, 0x19, 0x18, 0x17, 0x16, 0x15, 0x14, 0x13, 0x11, 0x11, 0x11, 0x11, 0x11, 0x11,
    0x11, 0x11, 0x11, 0x11, 0x07, 0x1f, 0x2b, 0x33, 0x35, 0x23, 0x35, 0x33, 0x35, 0x23, 0x35, 0x33,
    0x35, 0x33, 0x15, 0x33, 0x35, 0x33, 0x15, 0x33, 0x15, 0x23, 0x15, 0x33, 0x15, 0x23, 0x15, 0x23,
    0x35, 0x23, 0x15, 0x35, 0x33, 0x35, 0x23, 0xfa, 0x7d, 0x7d, 0x7d, 0x7d, 0x7d, 0x7d, 0x7d, 0x7d,
    0x7d, 0x7d, 0x7d, 0x7d, 0x7d, 0x7d, 0x7d, 0x7d, 0x7d, 0x7d, 0x7d, 0x7d, 0x7d, 0x7d, 0x7d, 0x7d,
    0x7d, 0x7d, 0x7d, 0x7d, 0x7d, 0xfa, 0x7d, 0x00, 0x00, 0x03, 0x00, 0x7d, 0x00, 0x00, 0x01, 0xf4,
    0x02, 0x71, 0x00, 0x03, 0x00, 0x07, 0x00, 0x0b, 0x00, 0x3d, 0x40, 0x3a, 0x00, 0x02, 0x07, 0x01,
    0x03, 0x04, 0x02, 0x03, 0x67, 0x06, 0x01, 0x01, 0x01, 0x00, 0x5f, 0x00, 0x00, 0x00, 0x15, 0x4d,
    0x00, 0x04, 0x04, 0x05, 0x5f, 0x08, 0x01, 0x05, 0x05, 0x16, 0x05, 0x4e, 0x08, 0x08, 0x04, 0x04,
    0x00, 0x00, 0x08, 0x0b, 0x08, 0x0b, 0x0a, 0x09, 0x04, 0x07, 0x04, 0x07, 0x06, 0x05, 0x00, 0x03,
    0x00, 0x03, 0x11, 0x09, 0x07, 0x17, 0x2b, 0x01, 0x35, 0x33, 0x15, 0x07, 0x35, 0x33, 0x15, 0x07,
    0x35, 0x33, 0x15, 0x01, 0x77, 0x7d, 0xfa, 0x7d, 0xfa, 0x7d, 0x01, 0x77, 0xfa, 0xfa, 0x7d, 0x7d,
    0x7d, 0xfa, 0xfa, 0xfa, 0x00, 0x01, 0x00, 0x7d, 0x00, 0x00, 0x01, 0xf4, 0x02, 0x71, 0x00, 0x0b,
    0x00, 0x2f, 0x40, 0x2c, 0x00, 0x03, 0x00, 0x00, 0x04, 0x03, 0x00, 0x67, 0x00, 0x01, 0x01, 0x02,
    0x5f, 0x00, 0x02, 0x02, 0x15, 0x4d, 0x00, 0x04, 0x04, 0x05, 0x5f, 0x06, 0x01, 0x05, 0x05, 0x16,
    0x05, 0x4e, 0x00, 0x00, 0x00, 0x0b, 0x00, 0x0b, 0x11, 0x11, 0x11, 0x11, 0x11, 0x07, 0x07, 0x1b,
    0x2b, 0x21, 0x35, 0x23, 0x35, 0x23, 0x35, 0x33, 0x15, 0x33, 0x15, 0x33, 0x15, 0x01, 0x77, 0x7d,
    0x7d, 0x7d, 0x7d, 0x7d, 0xfa, 0x7d, 0xfa, 0xfa, 0x7d, 0xfa, 0x00, 0x01, 0x00, 0x7d, 0x00, 0xfa,
    0x01, 0xf4, 0x01, 0x77, 0x00, 0x03, 0x00, 0x1e, 0x40, 0x1b, 0x00, 0x00, 0x01, 0x01, 0x00, 0x57,
    0x00, 0x00, 0x00, 0x01, 0x5f, 0x02, 0x01, 0x01, 0x00, 0x01, 0x4f, 0x00, 0x00, 0x00, 0x03, 0x00,
    0x03, 0x11, 0x03, 0x07, 0x17, 0x2b, 0x37, 0x35, 0x21, 0x15, 0x7d, 0x01, 0x77, 0xfa, 0x7d, 0x7d,
    0xff, 0xff, 0xff, 0x45, 0x00, 0xfa, 0x00, 0xbc, 0x01, 0x77, 0x00, 0x07, 0x00, 0x9f, 0xfe, 0xc8,
    0x00, 0x00, 0x00, 0x01, 0x00, 0x7d, 0x00, 0xfa, 0x02, 0x71, 0x01, 0x77, 0x00, 0x03, 0x00, 0x1e,
    0x40, 0x1b, 0x00, 0x00, 0x01, 0x01, 0x00, 0x57, 0x00, 0x00, 0x00, 0x01, 0x5f, 0x02, 0x01, 0x01,
    0x00, 0x01, 0x4f, 0x00, 0x00, 0x00, 0x03, 0x00, 0x03, 0x11, 0x03, 0x07, 0x17, 0x2b, 0x37, 0x35,
    0x21, 0x15, 0x7d, 0x01, 0xf4, 0xfa, 0x7d, 0x7d, 0x00, 0x01, 0x00, 0x7d, 0x00, 0xfa, 0x03, 0x6b,
    0x01, 0x77, 0x00, 0x03, 0x00, 0x1e, 0x40, 0x1b, 0x00, 0x00, 0x01, 0x01, 0x00, 0x57, 0x00, 0x00,
    0x00, 0x01, 0x5f, 0x02, 0x01, 0x01, 0x00, 0x01, 0x4f, 0x00, 0x00, 0x00, 0x03, 0x00, 0x03, 0x11,
    0x03, 0x07, 0x17, 0x2b, 0x37, 0x35, 0x21, 0x15, 0x7d, 0x02, 0xee, 0xfa, 0x7d, 0x7d, 0x00, 0x01,
    0x00, 0x7d, 0xff, 0x83, 0x02, 0x71, 0x00, 0x00, 0x00, 0x03, 0x00, 0x26, 0xb1, 0x06, 0x64, 0x44,
    0x40, 0x1b, 0x00, 0x00, 0x01, 0x01, 0x00, 0x57, 0x00, 0x00, 0x00, 0x01, 0x5f, 0x02, 0x01, 0x01,
    0x00, 0x01, 0x4f, 0x00, 0x00, 0x00, 0x03, 0x00, 0x03, 0x11, 0x03, 0x07, 0x17, 0x2b, 0xb1, 0x06,
    0x00, 0x44, 0x17, 0x35, 0x21, 0x15, 0x7d, 0x01, 0xf4, 0x7d, 0x7d, 0x7d, 0x00, 0x02, 0x00, 0x7d,
    0x00, 0x00, 0x01, 0x77, 0x02, 0x71, 0x00, 0x03, 0x00, 0x0b, 0x00, 0x38, 0x40, 0x35, 0x00, 0x03,
    0x00, 0x02, 0x04, 0x03, 0x02, 0x67, 0x06, 0x01, 0x01, 0x01, 0x00, 0x5f, 0x00, 0x00, 0x00, 0x15,
    0x4d, 0x00, 0x04, 0x04, 0x05, 0x5f, 0x07, 0x01, 0x05, 0x05, 0x16, 0x05, 0x4e, 0x04, 0x04, 0x00,
    0x00, 0x04, 0x0b, 0x04, 0x0b, 0x0a, 0x09, 0x08, 0x07, 0x06, 0x05, 0x00, 0x03, 0x00, 0x03, 0x11,
    0x08, 0x07, 0x17, 0x2b, 0x13, 0x35, 0x33, 0x15, 0x03, 0x35, 0x23, 0x11, 0x33, 0x11, 0x33, 0x15,
    0xfa, 0x7d, 0x7d, 0x7d, 0x7d, 0x7d, 0x01, 0xf4, 0x7d, 0x7d, 0xfe, 0x0c, 0x7d, 0x01, 0x77, 0xfe,
    0x89, 0x7d, 0x00, 0x02, 0x00, 0x7d, 0x00, 0x00, 0x01, 0x77, 0x02, 0x71, 0x00, 0x07, 0x00, 0x0b,
    0x00, 0x36, 0x40, 0x33, 0x00, 0x02, 0x06, 0x01, 0x03, 0x04, 0x02, 0x03, 0x67, 0x00, 0x00, 0x00,
    0x01, 0x5f, 0x00, 0x01, 0x01, 0x15, 0x4d, 0x00, 0x04, 0x04, 0x05, 0x5f, 0x07, 0x01, 0x05, 0x05,
    0x16, 0x05, 0x4e, 0x08, 0x08, 0x00, 0x00, 0x08, 0x0b, 0x08, 0x0b, 0x0a, 0x09, 0x00, 0x07, 0x00,
    0x07, 0x11, 0x11, 0x11, 0x08, 0x07, 0x19, 0x2b, 0x37, 0x11, 0x23, 0x35, 0x33, 0x15, 0x33, 0x11,
    0x07, 0x35, 0x33, 0x15, 0xfa, 0x7d, 0x7d, 0x7d, 0xfa, 0x7d, 0x7d, 0x01, 0x77, 0x7d, 0x7d, 0xfe,
    0x89, 0x7d, 0x7d, 0x7d, 0x00, 0x01, 0x00, 0x7d, 0x00, 0x00, 0x01, 0xf4, 0x02, 0x71, 0x00, 0x0f,
    0x00, 0x78, 0x4b, 0xb0, 0x0a, 0x50, 0x58, 0x40, 0x2c, 0x00, 0x04, 0x03, 0x01, 0x03, 0x04, 0x72,
    0x00, 0x05, 0x00, 0x06, 0x06, 0x05, 0x72, 0x00, 0x01, 0x00, 0x00, 0x05, 0x01, 0x00, 0x67, 0x00,
    0x03, 0x03, 0x02, 0x5f, 0x00, 0x02, 0x02, 0x15, 0x4d, 0x00, 0x06, 0x06, 0x07, 0x60, 0x08, 0x01,
    0x07, 0x07, 0x16, 0x07, 0x4e, 0x1b, 0x40, 0x2e, 0x00, 0x04, 0x03, 0x01, 0x03, 0x04, 0x01, 0x80,
    0x00, 0x05, 0x00, 0x06, 0x00, 0x05, 0x06, 0x80, 0x00, 0x01, 0x00, 0x00, 0x05, 0x01, 0x00, 0x67,
    0x00, 0x03, 0x03, 0x02, 0x5f, 0x00, 0x02, 0x02, 0x15, 0x4d, 0x00, 0x06, 0x06, 0x07, 0x60, 0x08,
    0x01, 0x07, 0x07, 0x16, 0x07, 0x4e, 0x59, 0x40, 0x10, 0x00, 0x00, 0x00, 0x0f, 0x00, 0x0f, 0x11,
    0x11, 0x11, 0x11, 0x11, 0x11, 0x11, 0x09, 0x07, 0x1d, 0x2b, 0x33, 0x35, 0x23, 0x35, 0x33, 0x35,
    0x33, 0x15, 0x23, 0x15, 0x23, 0x15, 0x33, 0x15, 0x33, 0x15, 0xfa, 0x7d, 0x7d, 0xfa, 0x7d, 0x7d,
    0x7d, 0x7d, 0xfa, 0x7d, 0xfa, 0x7d, 0x7d, 0x7d, 0x7d, 0x7d, 0x00, 0x01, 0x00, 0x7d, 0x00, 0x00,
    0x01, 0xf4, 0x02, 0x71, 0x00, 0x0f, 0x00, 0x78, 0x4b, 0xb0, 0x0a, 0x50, 0x58, 0x40, 0x2c, 0x00,
    0x02, 0x03, 0x05, 0x03, 0x02, 0x72, 0x00, 0x01, 0x06, 0x00, 0x00, 0x01, 0x72, 0x00, 0x05, 0x00,
    0x06, 0x01, 0x05, 0x06, 0x67, 0x00, 0x03, 0x03, 0x04, 0x5f, 0x00, 0x04, 0x04, 0x15, 0x4d, 0x00,
    0x00, 0x00, 0x07, 0x60, 0x08, 0x01, 0x07, 0x07, 0x16, 0x07, 0x4e, 0x1b, 0x40, 0x2e, 0x00, 0x02,
    0x03, 0x05, 0x03, 0x02, 0x05, 0x80, 0x00, 0x01, 0x06, 0x00, 0x06, 0x01, 0x00, 0x80, 0x00, 0x05,
    0x00, 0x06, 0x01, 0x05, 0x06, 0x67, 0x00, 0x03, 0x03, 0x04, 0x5f, 0x00, 0x04, 0x04, 0x15, 0x4d,
    0x00, 0x00, 0x00, 0x07, 0x60, 0x08, 0x01, 0x07, 0x07, 0x16, 0x07, 0x4e, 0x59, 0x40, 0x10, 0x00,
    0x00, 0x00, 0x0f, 0x00, 0x0f, 0x11, 0x11, 0x11, 0x11, 0x11, 0x11, 0x11, 0x09, 0x07, 0x1d, 0x2b,
    0x33, 0x35, 0x33, 0x35, 0x33, 0x35, 0x23, 0x35, 0x23, 0x35, 0x33, 0x15, 0x33, 0x15, 0x23, 0x15,
    0x7d, 0x7d, 0x7d, 0x7d, 0x7d, 0xfa, 0x7d, 0x7d, 0x7d, 0x7d, 0x7d, 0x7d, 0x7d, 0xfa, 0x7d, 0xfa,
    0x00, 0x01, 0x00, 0x7d, 0x00, 0x00, 0x01, 0x77, 0x02, 0x71, 0x00, 0x07, 0x00, 0x25, 0x40, 0x22,
    0x00, 0x01, 0x01, 0x00, 0x5f, 0x00, 0x00, 0x00, 0x15, 0x4d, 0x00, 0x02, 0x02, 0x03, 0x5f, 0x04,
    0x01, 0x03, 0x03, 0x16, 0x03, 0x4e, 0x00, 0x00, 0x00, 0x07, 0x00, 0x07, 0x11, 0x11, 0x11, 0x05,
    0x07, 0x19, 0x2b, 0x33, 0x11, 0x33, 0x15, 0x23, 0x11, 0x33, 0x15, 0x7d, 0xfa, 0x7d, 0x7d, 0x02,
    0x71, 0x7d, 0xfe, 0x89, 0x7d, 0x00, 0x00, 0x01, 0x00, 0x7d, 0x00, 0x00, 0x01, 0x77, 0x02, 0x71,
    0x00, 0x07, 0x00, 0x25, 0x40, 0x22, 0x00, 0x01, 0x01, 0x02, 0x5f, 0x00, 0x02, 0x02, 0x15, 0x4d,
    0x00, 0x00, 0x00, 0x03, 0x5f, 0x04, 0x01, 0x03, 0x03, 0x16, 0x03, 0x4e, 0x00, 0x00, 0x00, 0x07,
    0x00, 0x07, 0x11, 0x11, 0x11, 0x05, 0x07, 0x19, 0x2b, 0x33, 0x35, 0x33, 0x11, 0x23, 0x35, 0x33,
    0x11, 0x7d, 0x7d, 0x7d, 0xfa, 0x7d, 0x01, 0x77, 0x7d, 0xfd, 0x8f, 0x00, 0x00, 0x02, 0x00, 0x7d,
    0xff, 0x83, 0x01, 0x77, 0x00, 0x7d, 0x00, 0x03, 0x00, 0x07, 0x00, 0x29, 0x40, 0x26, 0x00, 0x02,
    0x05, 0x01, 0x03, 0x02, 0x03, 0x63, 0x00, 0x00, 0x00, 0x01, 0x5f, 0x04, 0x01, 0x01, 0x01, 0x16,
    0x01, 0x4e, 0x04, 0x04, 0x00, 0x00, 0x04, 0x07, 0x04, 0x07, 0x06, 0x05, 0x00, 0x03, 0x00, 0x03,
    0x11, 0x06, 0x07, 0x17, 0x2b, 0x33, 0x35, 0x33, 0x15, 0x07, 0x35, 0x33, 0x15, 0xfa, 0x7d, 0xfa,
    0x7d, 0x7d, 0x7d, 0x7d, 0x7d, 0x7d, 0x00, 0x02, 0x00, 0x7d, 0x00, 0x00, 0x01, 0xf4, 0x00, 0xfa,
    0x00, 0x03, 0x00, 0x07, 0x00, 0x24, 0x40, 0x21, 0x02, 0x01, 0x00, 0x00, 0x01, 0x5f, 0x05, 0x03,
    0x04, 0x03, 0x01, 0x01, 0x16, 0x01, 0x4e, 0x04, 0x04, 0x00, 0x00, 0x04, 0x07, 0x04, 0x07, 0x06,
    0x05, 0x00, 0x03, 0x00, 0x03, 0x11, 0x06, 0x07, 0x17, 0x2b, 0x21, 0x35, 0x33, 0x15, 0x21, 0x35,
    0x33, 0x15, 0x01, 0x77, 0x7d, 0xfe, 0x89, 0x7d, 0xfa, 0xfa, 0xfa, 0xfa, 0x00, 0x02, 0x00, 0x7d,
    0x01, 0x77, 0x01, 0xf4, 0x02, 0x71, 0x00, 0x03, 0x00, 0x07, 0x00, 0x24, 0x40, 0x21, 0x05, 0x03,
    0x04, 0x03, 0x01, 0x01, 0x00, 0x5f, 0x02, 0x01, 0x00, 0x00, 0x15, 0x01, 0x4e, 0x04, 0x04, 0x00,
    0x00, 0x04, 0x07, 0x04, 0x07, 0x06, 0x05, 0x00, 0x03, 0x00, 0x03, 0x11, 0x06, 0x07, 0x17, 0x2b,
    0x01, 0x35, 0x33, 0x15, 0x21, 0x35, 0x33, 0x15, 0x01, 0x77, 0x7d, 0xfe, 0x89, 0x7d, 0x01, 0x77,
    0xfa, 0xfa, 0xfa, 0xfa, 0x00, 0x02, 0x00, 0x7d, 0x01, 0x77, 0x01, 0xf4, 0x02, 0x71, 0x00, 0x03,
    0x00, 0x07, 0x00, 0x24, 0x40, 0x21, 0x05, 0x03, 0x04, 0x03, 0x01, 0x01, 0x00, 0x5f, 0x02, 0x01,
    0x00, 0x00, 0x15, 0x01, 0x4e, 0x04, 0x04, 0x00, 0x00, 0x04, 0x07, 0x04, 0x07, 0x06, 0x05, 0x00,
    0x03, 0x00, 0x03, 0x11, 0x06, 0x07, 0x17, 0x2b, 0x01, 0x35, 0x33, 0x15, 0x21, 0x35, 0x33, 0x15,
    0x01, 0x77, 0x7d, 0xfe, 0x89, 0x7d, 0x01, 0x77, 0xfa, 0xfa, 0xfa, 0xfa, 0x00, 0x01, 0x00, 0x7d,
    0x01, 0x77, 0x00, 0xfa, 0x02, 0x71, 0x00, 0x03, 0x00, 0x19, 0x40, 0x16, 0x02, 0x01, 0x01, 0x01,
    0x00, 0x5f, 0x00, 0x00, 0x00, 0x15, 0x01, 0x4e, 0x00, 0x00, 0x00, 0x03, 0x00, 0x03, 0x11, 0x03,
    0x07, 0x17, 0x2b, 0x13, 0x35, 0x33, 0x15, 0x7d, 0x7d, 0x01, 0x77, 0xfa, 0xfa, 0x00, 0x00, 0x01,
    0x00, 0x7d, 0x01, 0x77, 0x00, 0xfa, 0x02, 0x71, 0x00, 0x03, 0x00, 0x19, 0x40, 0x16, 0x02, 0x01,
    0x01, 0x01, 0x00, 0x5f, 0x00, 0x00, 0x00, 0x15, 0x01, 0x4e, 0x00, 0x00, 0x00, 0x03, 0x00, 0x03,
    0x11, 0x03, 0x07, 0x17, 0x2b, 0x13, 0x35, 0x33, 0x15, 0x7d, 0x7d, 0x01, 0x77, 0xfa, 0xfa, 0x00,
    0x00, 0x02, 0x00, 0x7d, 0x00, 0x7d, 0x02, 0xee, 0x01, 0xf4, 0x00, 0x0b, 0x00, 0x17, 0x00, 0x4a,
    0x40, 0x47, 0x08, 0x01, 0x02, 0x09, 0x01, 0x03, 0x01, 0x02, 0x03, 0x67, 0x07, 0x01, 0x01, 0x06,
    0x01, 0x00, 0x04, 0x01, 0x00, 0x67, 0x0a, 0x01, 0x04, 0x05, 0x05, 0x04, 0x57, 0x0a, 0x01, 0x04,
    0x04, 0x05, 0x5f, 0x0d, 0x0b, 0x0c, 0x03, 0x05, 0x04, 0x05, 0x4f, 0x0c, 0x0c, 0x00, 0x00, 0x0c,
    0x17, 0x0c, 0x17, 0x16, 0x15, 0x14, 0x13, 0x12, 0x11, 0x10, 0x0f, 0x0e, 0x0d, 0x00, 0x0b, 0x00,
    0x0b, 0x11, 0x11, 0x11, 0x11, 0x11, 0x0e, 0x07, 0x1b, 0x2b, 0x25, 0x35, 0x23, 0x35, 0x33, 0x35,
    0x33, 0x15, 0x23, 0x15, 0x33, 0x15, 0x21, 0x35, 0x23, 0x35, 0x33, 0x35, 0x33, 0x15, 0x23, 0x15,
    0x33, 0x15, 0x02, 0x71, 0x7d, 0x7d, 0x7d, 0x7d, 0x7d, 0xfe, 0x0c, 0x7d, 0x7d, 0x7d, 0x7d, 0x7d,
    0x7d, 0x7d, 0x7d, 0x7d, 0x7d, 0x7d, 0x7d, 0x7d, 0x7d, 0x7d, 0x7d, 0x7d, 0x7d, 0x00, 0x00, 0x02,
    0x00, 0x7d, 0x00, 0x7c, 0x02, 0xee, 0x01, 0xf3, 0x00, 0x0b, 0x00, 0x17, 0x00, 0x4a, 0x40, 0x47,
    0x08, 0x01, 0x02, 0x07, 0x01, 0x01, 0x03, 0x02, 0x01, 0x67, 0x09, 0x01, 0x03, 0x0a, 0x01, 0x04,
    0x00, 0x03, 0x04, 0x67, 0x06, 0x01, 0x00, 0x05, 0x05, 0x00, 0x57, 0x06, 0x01, 0x00, 0x00, 0x05,
    0x5f, 0x0d, 0x0b, 0x0c, 0x03, 0x05, 0x00, 0x05, 0x4f, 0x0c, 0x0c, 0x00, 0x00, 0x0c, 0x17, 0x0c,
    0x17, 0x16, 0x15, 0x14, 0x13, 0x12, 0x11, 0x10, 0x0f, 0x0e, 0x0d, 0x00, 0x0b, 0x00, 0x0b, 0x11,
    0x11, 0x11, 0x11, 0x11, 0x0e, 0x07, 0x1b, 0x2b, 0x25, 0x35, 0x33, 0x35, 0x23, 0x35, 0x33, 0x15,
    0x33, 0x15, 0x23, 0x15, 0x21, 0x35, 0x33, 0x35, 0x23, 0x35, 0x33, 0x15, 0x33, 0x15, 0x23, 0x15,
    0x01, 0xf4, 0x7d, 0x7d, 0x7d, 0x7d, 0x7d, 0xfe, 0x0c, 0x7d, 0x7d, 0x7d, 0x7d, 0x7d, 0x7c, 0x7d,
    0x7d, 0x7d, 0x7d, 0x7d, 0x7d, 0x7d, 0x7d, 0x7d, 0x7d, 0x7d, 0x7d, 0x00, 0x00, 0x01, 0x00, 0x7d,
    0x00, 0x7d, 0x01, 0x77, 0x01, 0xf4, 0x00, 0x0b, 0x00, 0x32, 0x40, 0x2f, 0x00, 0x02, 0x00, 0x03,
    0x01, 0x02, 0x03, 0x67, 0x00, 0x01, 0x00, 0x00, 0x04, 0x01, 0x00, 0x67, 0x00, 0x04, 0x05, 0x05,
    0x04, 0x57, 0x00, 0x04, 0x04, 0x05, 0x5f, 0x06, 0x01, 0x05, 0x04, 0x05, 0x4f, 0x00, 0x00, 0x00,
    0x0b, 0x00, 0x0b, 0x11, 0x11, 0x11, 0x11, 0x11, 0x07, 0x07, 0x1b, 0x2b, 0x37, 0x35, 0x23, 0x35,
    0x33, 0x35, 0x33, 0x15, 0x23, 0x15, 0x33, 0x15, 0xfa, 0x7d, 0x7d, 0x7d, 0x7d, 0x7d, 0x7d, 0x7d,
    0x7d, 0x7d, 0x7d, 0x7d, 0x7d, 0x00, 0x00, 0x01, 0x00, 0x7d, 0x00, 0x7d, 0x01, 0x77, 0x01, 0xf4,
    0x00, 0x0b, 0x00, 0x32, 0x40, 0x2f, 0x00, 0x02, 0x00, 0x01, 0x03, 0x02, 0x01, 0x67, 0x00, 0x03,
    0x00, 0x04, 0x00, 0x03, 0x04, 0x67, 0x00, 0x00, 0x05, 0x05, 0x00, 0x57, 0x00, 0x00, 0x00, 0x05,
    0x5f, 0x06, 0x01, 0x05, 0x00, 0x05, 0x4f, 0x00, 0x00, 0x00, 0x0b, 0x00, 0x0b, 0x11, 0x11, 0x11,
    0x11, 0x11, 0x07, 0x07, 0x1b, 0x2b, 0x37, 0x35, 0x33, 0x35, 0x23, 0x35, 0x33, 0x15, 0x33, 0x15,
    0x23, 0x15, 0x7d, 0x7d, 0x7d, 0x7d, 0x7d, 0x7d, 0x7d, 0x7d, 0x7d, 0x7d, 0x7d, 0x7d, 0x7d, 0x00,
    0x00, 0x02, 0x00, 0x7d, 0x01, 0x77, 0x01, 0xf4, 0x02, 0x71, 0x00, 0x03, 0x00, 0x07, 0x00, 0x24,
    0x40, 0x21, 0x05, 0x03, 0x04, 0x03, 0x01, 0x01, 0x00, 0x5f, 0x02, 0x01, 0x00, 0x00, 0x15, 0x01,
    0x4e, 0x04, 0x04, 0x00, 0x00, 0x04, 0x07, 0x04, 0x07, 0x06, 0x05, 0x00, 0x03, 0x00, 0x03, 0x11,
    0x06, 0x07, 0x17, 0x2b, 0x01, 0x35, 0x33, 0x15, 0x21, 0x35, 0x33, 0x15, 0x01, 0x77, 0x7d, 0xfe,
    0x89, 0x7d, 0x01, 0x77, 0xfa, 0xfa, 0xfa, 0xfa, 0x00, 0x01, 0x00, 0x7d, 0x01, 0x77, 0x00, 0xfa,
    0x02, 0x71, 0x00, 0x03, 0x00, 0x19, 0x40, 0x16, 0x02, 0x01, 0x01, 0x01, 0x00, 0x5f, 0x00, 0x00,
    0x00, 0x15, 0x01, 0x4e, 0x00, 0x00, 0x00, 0x03, 0x00, 0x03, 0x11, 0x03, 0x07, 0x17, 0x2b, 0x13,
    0x35, 0x33, 0x15, 0x7d, 0x7d, 0x01, 0x77, 0xfa, 0xfa, 0x00, 0x00, 0x01, 0x00, 0x7d, 0xff, 0x83,
    0x02, 0xee, 0x02, 0x71, 0x00, 0x0f, 0x00, 0x37, 0x40, 0x34, 0x00, 0x05, 0x06, 0x01, 0x05, 0x57,
    0x00, 0x00, 0x08, 0x01, 0x07, 0x00, 0x07, 0x63, 0x00, 0x03, 0x03, 0x02, 0x5f, 0x00, 0x02, 0x02,
    0x15, 0x4d, 0x04, 0x01, 0x01, 0x01, 0x06, 0x5f, 0x00, 0x06, 0x06, 0x16, 0x06, 0x4e, 0x00, 0x00,
    0x00, 0x0f, 0x00, 0x0f, 0x11, 0x11, 0x11, 0x11, 0x11, 0x11, 0x11, 0x09, 0x07, 0x1d, 0x2b, 0x17,
    0x35, 0x33, 0x11, 0x33, 0x35, 0x21, 0x15, 0x23, 0x15, 0x33, 0x15, 0x23, 0x15, 0x23, 0x15, 0x7d,
    0x7d, 0x7d, 0x01, 0x77, 0xfa, 0x7d, 0xfa, 0x7d, 0x7d, 0x7d, 0x01, 0x77, 0xfa, 0x7d, 0x7d, 0x7d,
    0xfa, 0x7d, 0x00, 0x03, 0x00, 0x7d, 0x00, 0x00, 0x02, 0xee, 0x02, 0x71, 0x00, 0x09, 0x00, 0x11,
    0x00, 0x15, 0x00, 0x4f, 0x40, 0x4c, 0x00, 0x03, 0x09, 0x02, 0x03, 0x57, 0x00, 0x09, 0x0b, 0x01,
    0x04, 0x05, 0x09, 0x04, 0x67, 0x06, 0x01, 0x02, 0x00, 0x05, 0x07, 0x02, 0x05, 0x67, 0x0a, 0x01,
    0x00, 0x00, 0x01, 0x5f, 0x00, 0x01, 0x01, 0x15, 0x4d, 0x00, 0x07, 0x07, 0x08, 0x5f, 0x0c, 0x01,
    0x08, 0x08, 0x16, 0x08, 0x4e, 0x0a, 0x0a, 0x00, 0x00, 0x15, 0x14, 0x13, 0x12, 0x0a, 0x11, 0x0a,
    0x11, 0x10, 0x0f, 0x0e, 0x0d, 0x0c, 0x0b, 0x00, 0x09, 0x00, 0x09, 0x11, 0x11, 0x11, 0x11, 0x0d,
    0x07, 0x1a, 0x2b, 0x25, 0x35, 0x23, 0x35, 0x21, 0x15, 0x33, 0x15, 0x23, 0x15, 0x05, 0x35, 0x23,
    0x11, 0x33, 0x11, 0x21, 0x15, 0x03, 0x33, 0x35, 0x23, 0x01, 0x77, 0x7d, 0x01, 0x77, 0x7d, 0x7d,
    0xfe, 0x89, 0x7d, 0x7d, 0x01, 0x77, 0x7d, 0x78, 0x78, 0xfa, 0xfa, 0x7d, 0x7d, 0x7d, 0x7d, 0xfa,
    0x7d, 0x01, 0x77, 0xfe, 0x89, 0x7d, 0x01, 0x77, 0x7d, 0x00, 0x00, 0x01, 0x00, 0x7d, 0xff, 0x83,
    0x02, 0x71, 0x02, 0xee, 0x00, 0x1b, 0x00, 0x9e, 0x4b, 0xb0, 0x0a, 0x50, 0x58, 0x40, 0x3c, 0x00,
    0x06, 0x05, 0x05, 0x06, 0x70, 0x0e, 0x01, 0x0d, 0x00, 0x00, 0x0d, 0x71, 0x00, 0x04, 0x00, 0x03,
    0x09, 0x04, 0x03, 0x67, 0x00, 0x09, 0x00, 0x0a, 0x02, 0x09, 0x0a, 0x67, 0x00, 0x02, 0x00, 0x01,
    0x0b, 0x02, 0x01, 0x67, 0x00, 0x08, 0x08, 0x05, 0x5f, 0x07, 0x01, 0x05, 0x05, 0x15, 0x4d, 0x00,
    0x0b, 0x0b, 0x00, 0x5f, 0x0c, 0x01, 0x00, 0x00, 0x16, 0x00, 0x4e, 0x1b, 0x40, 0x3a, 0x00, 0x06,
    0x05, 0x06, 0x85, 0x0e, 0x01, 0x0d, 0x00, 0x0d, 0x86, 0x00, 0x04, 0x00, 0x03, 0x09, 0x04, 0x03,
    0x67, 0x00, 0x09, 0x00, 0x0a, 0x02, 0x09, 0x0a, 0x67, 0x00, 0x02, 0x00, 0x01, 0x0b, 0x02, 0x01,
    0x67, 0x00, 0x08, 0x08, 0x05, 0x5f, 0x07, 0x01, 0x05, 0x05, 0x15, 0x4d, 0x00, 0x0b, 0x0b, 0x00,
    0x5f, 0x0c, 0x01, 0x00, 0x00, 0x16, 0x00, 0x4e, 0x59, 0x40, 0x1a, 0x00, 0x00, 0x00, 0x1b, 0x00,
    0x1b, 0x1a, 0x19, 0x18, 0x17, 0x16, 0x15, 0x14, 0x13, 0x11, 0x11, 0x11, 0x11, 0x11, 0x11, 0x11,
    0x11, 0x11, 0x0f, 0x07, 0x1f, 0x2b, 0x05, 0x35, 0x23, 0x35, 0x23, 0x35, 0x33, 0x35, 0x23, 0x35,
    0x33, 0x35, 0x33, 0x35, 0x33, 0x15, 0x33, 0x15, 0x21, 0x15, 0x33, 0x15, 0x23, 0x15, 0x21, 0x15,
    0x23, 0x15, 0x01, 0x77, 0x7d, 0x7d, 0x7d, 0x7d, 0x7d, 0x7d, 0x7d, 0x7d, 0xfe, 0x89, 0xfa, 0xfa,
    0x01, 0x77, 0x7d, 0x7d, 0x7d, 0x7d, 0x7d, 0x7d, 0x7d, 0x7d, 0x7d, 0x7d, 0x7d, 0x7d, 0x7d, 0x7d,
    0x7d, 0x7d, 0x00, 0x03, 0x00, 0x7d, 0x00, 0x00, 0x02, 0xee, 0x02, 0x71, 0x00, 0x0d, 0x00, 0x11,
    0x00, 0x15, 0x00, 0x3f, 0x40, 0x3c, 0x00, 0x02, 0x00, 0x01, 0x07, 0x02, 0x01, 0x67, 0x09, 0x01,
    0x07, 0x05, 0x01, 0x00, 0x04, 0x07, 0x00, 0x67, 0x0a, 0x01, 0x08, 0x08, 0x03, 0x5f, 0x00, 0x03,
    0x03, 0x15, 0x4d, 0x0b, 0x06, 0x02, 0x04, 0x04, 0x16, 0x04, 0x4e, 0x00, 0x00, 0x15, 0x14, 0x13,
    0x12, 0x11, 0x10, 0x0f, 0x0e, 0x00, 0x0d, 0x00, 0x0d, 0x11, 0x11, 0x11, 0x11, 0x11, 0x11, 0x0c,
    0x07, 0x1c, 0x2b, 0x21, 0x35, 0x23, 0x35, 0x23, 0x35, 0x33, 0x35, 0x21, 0x11, 0x23, 0x35, 0x23,
    0x15, 0x03, 0x33, 0x35, 0x23, 0x17, 0x33, 0x35, 0x23, 0x01, 0x77, 0x7d, 0x7d, 0x7d, 0x01, 0xf4,
    0x7d, 0x7d, 0xf5, 0x78, 0x78, 0xf5, 0x7d, 0x7d, 0xfa, 0x7d, 0x7d, 0x7d, 0xfd, 0x8f, 0xfa, 0xfa,
    0x01, 0x77, 0x7d, 0x7d, 0x7d, 0x00, 0x00, 0x02, 0x00, 0x7d, 0xff, 0x83, 0x02, 0x71, 0x02, 0xee,
    0x00, 0x1b, 0x00, 0x1f, 0x00, 0x60, 0x40, 0x5d, 0x00, 0x06, 0x00, 0x07, 0x05, 0x06, 0x07, 0x67,
    0x00, 0x08, 0x00, 0x0f, 0x03, 0x08, 0x0f, 0x67, 0x09, 0x01, 0x03, 0x0a, 0x01, 0x02, 0x0e, 0x03,
    0x02, 0x67, 0x00, 0x0e, 0x00, 0x01, 0x0b, 0x0e, 0x01, 0x67, 0x00, 0x00, 0x10, 0x01, 0x0d, 0x00,
    0x0d, 0x63, 0x00, 0x04, 0x04, 0x05, 0x5f, 0x00, 0x05, 0x05, 0x15, 0x4d, 0x00, 0x0b, 0x0b, 0x0c,
    0x5f, 0x00, 0x0c, 0x0c, 0x16, 0x0c, 0x4e, 0x00, 0x00, 0x1f, 0x1e, 0x1d, 0x1c, 0x00, 0x1b, 0x00,
    0x1b, 0x1a, 0x19, 0x18, 0x17, 0x16, 0x15, 0x14, 0x13, 0x11, 0x11, 0x11, 0x11, 0x11, 0x11, 0x11,
    0x11, 0x11, 0x11, 0x07, 0x1f, 0x2b, 0x17, 0x35, 0x33, 0x35, 0x23, 0x35, 0x23, 0x35, 0x33, 0x35,
    0x23, 0x35, 0x33, 0x35, 0x33, 0x15, 0x23, 0x15, 0x33, 0x15, 0x33, 0x15, 0x23, 0x15, 0x33, 0x15,
    0x23, 0x15, 0x03, 0x33, 0x35, 0x23, 0xfa, 0xfa, 0xfa, 0x7d, 0x7d, 0x7d, 0x7d, 0xfa, 0xfa, 0xfa,
    0x7d, 0x7d, 0x7d, 0x7d, 0xf5, 0xf0, 0xf0, 0x7d, 0x7d, 0x7d, 0x7d, 0x7d, 0x7d, 0x7d, 0x7d, 0x7d,
    0x7d, 0x7d, 0x7d, 0x7d, 0x7d, 0x7d, 0x01, 0x77, 0x7d, 0x00, 0x00, 0x03, 0x00, 0x7d, 0xff, 0x83,
    0x03, 0xe8, 0x02, 0xee, 0x00, 0x0b, 0x00, 0x0f, 0x00, 0x17, 0x00, 0x5d, 0xb1, 0x06, 0x64, 0x44,
    0x40, 0x52, 0x00, 0x02, 0x00, 0x07, 0x01, 0x02, 0x07, 0x67, 0x00, 0x08, 0x00, 0x09, 0x0a, 0x08,
    0x09, 0x67, 0x00, 0x0a, 0x0d, 0x01, 0x0b, 0x00, 0x0a, 0x0b, 0x67, 0x03, 0x01, 0x01, 0x04, 0x01,
    0x00, 0x06, 0x01, 0x00, 0x67, 0x00, 0x06, 0x05, 0x05, 0x06, 0x57, 0x00, 0x06, 0x06, 0x05, 0x5f,
    0x0c, 0x01, 0x05, 0x06, 0x05, 0x4f, 0x10, 0x10, 0x00, 0x00, 0x10, 0x17, 0x10, 0x17, 0x16, 0x15,
    0x14, 0x13, 0x12, 0x11, 0x0f, 0x0e, 0x0d, 0x0c, 0x00, 0x0b, 0x00, 0x0b, 0x11, 0x11, 0x11, 0x11,
    0x11, 0x0e, 0x07, 0x1b, 0x2b, 0xb1, 0x06, 0x00, 0x44, 0x17, 0x35, 0x23, 0x11, 0x33, 0x35, 0x21,
    0x15, 0x33, 0x11, 0x23, 0x15, 0x25, 0x21, 0x11, 0x21, 0x13, 0x11, 0x21, 0x15, 0x23, 0x15, 0x33,
    0x15, 0xfa, 0x7d, 0x7d, 0x02, 0x71, 0x7d, 0x7d, 0xfd, 0x94, 0x02, 0x67, 0xfd, 0x99, 0x78, 0x01,
    0x77, 0xfa, 0xfa, 0x7d, 0x7d, 0x02, 0x71, 0x7d, 0x7d, 0xfd, 0x8f, 0x7d, 0x7d, 0x02, 0x71, 0xfe,
    0x0c, 0x01, 0x77, 0x7d, 0x7d, 0x7d, 0x00, 0x03, 0x00, 0x7d, 0xff, 0x83, 0x03, 0xe8, 0x02, 0xee,
    0x00, 0x0b, 0x00, 0x0f, 0x00, 0x17, 0x00, 0x5d, 0xb1, 0x06, 0x64, 0x44, 0x40, 0x52, 0x00, 0x02,
    0x00, 0x07, 0x01, 0x02, 0x07, 0x67, 0x00, 0x09, 0x00, 0x0a, 0x08, 0x09, 0x0a, 0x67, 0x00, 0x08,
    0x0d, 0x01, 0x0b, 0x00, 0x08, 0x0b, 0x67, 0x03, 0x01, 0x01, 0x04, 0x01, 0x00, 0x06, 0x01, 0x00,
    0x67, 0x00, 0x06, 0x05, 0x05, 0x06, 0x57, 0x00, 0x06, 0x06, 0x05, 0x5f, 0x0c, 0x01, 0x05, 0x06,
    0x05, 0x4f, 0x10, 0x10, 0x00, 0x00, 0x10, 0x17, 0x10, 0x17, 0x16, 0x15, 0x14, 0x13, 0x12, 0x11,
    0x0f, 0x0e, 0x0d, 0x0c, 0x00, 0x0b, 0x00, 0x0b, 0x11, 0x11, 0x11, 0x11, 0x11, 0x0e, 0x07, 0x1b,
    0x2b, 0xb1, 0x06, 0x00, 0x44, 0x17, 0x35, 0x23, 0x11, 0x33, 0x35, 0x21, 0x15, 0x33, 0x11, 0x23,
    0x15, 0x25, 0x21, 0x11, 0x21, 0x13, 0x35, 0x33, 0x35, 0x33, 0x15, 0x23, 0x15, 0xfa, 0x7d, 0x7d,
    0x02, 0x71, 0x7d, 0x7d, 0xfd, 0x94, 0x02, 0x67, 0xfd, 0x99, 0x78, 0x7d, 0xfa, 0xfa, 0x7d, 0x7d,
    0x02, 0x71, 0x7d, 0x7d, 0xfd, 0x8f, 0x7d, 0x7d, 0x02, 0x71, 0xfe, 0x0c, 0xfa, 0x7d, 0x7d, 0xfa,
    0x00, 0x01, 0x00, 0x7d, 0x01, 0x77, 0x04, 0x65, 0x02, 0xee, 0x00, 0x15, 0x00, 0x37, 0x40, 0x34,
    0x03, 0x01, 0x01, 0x09, 0x07, 0x05, 0x03, 0x00, 0x02, 0x01, 0x00, 0x67, 0x00, 0x02, 0x04, 0x04,
    0x02, 0x57, 0x00, 0x02, 0x02, 0x04, 0x5f, 0x0b, 0x0a, 0x08, 0x06, 0x04, 0x04, 0x02, 0x04, 0x4f,
    0x00, 0x00, 0x00, 0x15, 0x00, 0x15, 0x14, 0x13, 0x11, 0x11, 0x11, 0x11, 0x11, 0x11, 0x11, 0x11,
    0x11, 0x0c, 0x06, 0x1f, 0x2b, 0x13, 0x35, 0x23, 0x35, 0x21, 0x15, 0x33, 0x35, 0x33, 0x11, 0x23,
    0x35, 0x23, 0x15, 0x23, 0x35, 0x23, 0x15, 0x23, 0x35, 0x23, 0x15, 0xfa, 0x7d, 0x02, 0x71, 0x7d,
    0xfa, 0x7d, 0x7d, 0x7d, 0x7d, 0x7d, 0x7d, 0x01, 0x77, 0xfa, 0x7d, 0x7d, 0x7d, 0xfe, 0x89, 0xfa,
    0xfa, 0xfa, 0xfa, 0xfa, 0xfa, 0x00, 0x00, 0x02, 0x00, 0x7d, 0x00, 0xfa, 0x01, 0xf4, 0x02, 0x71,
    0x00, 0x0b, 0x00, 0x0f, 0x00, 0x40, 0xb1, 0x06, 0x64, 0x44, 0x40, 0x35, 0x00, 0x02, 0x00, 0x07,
    0x06, 0x02, 0x07, 0x67, 0x00, 0x06, 0x00, 0x05, 0x06, 0x57, 0x03, 0x01, 0x01, 0x04, 0x01, 0x00,
    0x05, 0x01, 0x00, 0x67, 0x00, 0x06, 0x06, 0x05, 0x5f, 0x08, 0x01, 0x05, 0x06, 0x05, 0x4f, 0x00,
    0x00, 0x0f, 0x0e, 0x0d, 0x0c, 0x00, 0x0b, 0x00, 0x0b, 0x11, 0x11, 0x11, 0x11, 0x11, 0x09, 0x07,
    0x1b, 0x2b, 0xb1, 0x06, 0x00, 0x44, 0x37, 0x35, 0x23, 0x35, 0x33, 0x35, 0x33, 0x15, 0x33, 0x15,
    0x23, 0x15, 0x27, 0x33, 0x35, 0x23, 0xfa, 0x7d, 0x7d, 0x7d, 0x7d, 0x7d, 0x78, 0x73, 0x73, 0xfa,
    0x7d, 0x7d, 0x7d, 0x7d, 0x7d, 0x7d, 0x82, 0x73, 0x00, 0x01, 0x00, 0x7d, 0xff, 0x83, 0x00, 0xfa,
    0x02, 0xee, 0x00, 0x03, 0x00, 0x1e, 0x40, 0x1b, 0x00, 0x00, 0x01, 0x01, 0x00, 0x57, 0x00, 0x00,
    0x00, 0x01, 0x5f, 0x02, 0x01, 0x01, 0x00, 0x01, 0x4f, 0x00, 0x00, 0x00, 0x03, 0x00, 0x03, 0x11,
    0x03, 0x07, 0x17, 0x2b, 0x17, 0x11, 0x33, 0x11, 0x7d, 0x7d, 0x7d, 0x03, 0x6b, 0xfc, 0x95, 0x00,
    0x00, 0x02, 0x00, 0x7d, 0x00, 0x00, 0x00, 0xfa, 0x02, 0x71, 0x00, 0x03, 0x00, 0x07, 0x00, 0x2c,
    0x40, 0x29, 0x04, 0x01, 0x01, 0x01, 0x00, 0x5f, 0x00, 0x00, 0x00, 0x15, 0x4d, 0x00, 0x02, 0x02,
    0x03, 0x5f, 0x05, 0x01, 0x03, 0x03, 0x16, 0x03, 0x4e, 0x04, 0x04, 0x00, 0x00, 0x04, 0x07, 0x04,
    0x07, 0x06, 0x05, 0x00, 0x03, 0x00, 0x03, 0x11, 0x06, 0x07, 0x17, 0x2b, 0x13, 0x35, 0x33, 0x15,
    0x03, 0x35, 0x33, 0x15, 0x7d, 0x7d, 0x7d, 0x7d, 0x01, 0x77, 0xfa, 0xfa, 0xfe, 0x89, 0xfa, 0xfa,
    0x00, 0x01, 0x00, 0x7d, 0x00, 0x00, 0x01, 0xf4, 0x02, 0x71, 0x00, 0x0b, 0x00, 0x27, 0x40, 0x24,
    0x03, 0x01, 0x01, 0x04, 0x01, 0x00, 0x05, 0x01, 0x00, 0x67, 0x00, 0x02, 0x02, 0x15, 0x4d, 0x06,
    0x01, 0x05, 0x05, 0x16, 0x05, 0x4e, 0x00, 0x00, 0x00, 0x0b, 0x00, 0x0b, 0x11, 0x11, 0x11, 0x11,
    0x11, 0x07, 0x07, 0x1b, 0x2b, 0x33, 0x11, 0x23, 0x35, 0x33, 0x35, 0x33, 0x15, 0x33, 0x15, 0x23,
    0x11, 0xfa, 0x7d, 0x7d, 0x7d, 0x7d, 0x7d, 0x01, 0x77, 0x7d, 0x7d, 0x7d, 0x7d, 0xfe, 0x89, 0x00,
    0x00, 0x01, 0x00, 0x7d, 0x00, 0x00, 0x01, 0xf4, 0x02, 0x71, 0x00, 0x13, 0x00, 0x35, 0x40, 0x32,
    0x05, 0x01, 0x03, 0x06, 0x01, 0x02, 0x01, 0x03, 0x02, 0x67, 0x07, 0x01, 0x01, 0x08, 0x01, 0x00,
    0x09, 0x01, 0x00, 0x67, 0x00, 0x04, 0x04, 0x15, 0x4d, 0x0a, 0x01, 0x09, 0x09, 0x16, 0x09, 0x4e,
    0x00, 0x00, 0x00, 0x13, 0x00, 0x13, 0x11, 0x11, 0x11, 0x11, 0x11, 0x11, 0x11, 0x11, 0x11, 0x0b,
    0x07, 0x1f, 0x2b, 0x33, 0x35, 0x23, 0x35, 0x33, 0x35, 0x23, 0x35, 0x33, 0x35, 0x33, 0x15, 0x33,
    0x15, 0x23, 0x15, 0x33, 0x15, 0x23, 0x15, 0xfa, 0x7d, 0x7d, 0x7d, 0x7d, 0x7d, 0x7d, 0x7d, 0x7d,
    0x7d, 0x7d, 0x7d, 0x7d, 0x7d, 0x7d, 0x7d, 0x7d, 0x7d, 0x7d, 0x7d, 0x00, 0x00, 0x01, 0x00, 0x7d,
    0x00, 0x00, 0x01, 0xf4, 0x02, 0x71, 0x00, 0x0f, 0x00, 0x31, 0x40, 0x2e, 0x03, 0x01, 0x01, 0x00,
    0x04, 0x05, 0x01, 0x04, 0x68, 0x00, 0x05, 0x06, 0x01, 0x00, 0x07, 0x05, 0x00, 0x67, 0x00, 0x02,
    0x02, 0x15, 0x4d, 0x08, 0x01, 0x07, 0x07, 0x16, 0x07, 0x4e, 0x00, 0x00, 0x00, 0x0f, 0x00, 0x0f,
    0x11, 0x11, 0x11, 0x11, 0x11, 0x11, 0x11, 0x09, 0x07, 0x1d, 0x2b, 0x33, 0x35, 0x23, 0x11, 0x33,
    0x35, 0x33, 0x15, 0x33, 0x15, 0x23, 0x15, 0x33, 0x15, 0x23, 0x15, 0xfa, 0x7d, 0x7d, 0x7d, 0x7d,
    0xfa, 0xfa, 0x7d, 0x7d, 0x01, 0x77, 0x7d, 0x7d, 0x7d, 0x7d, 0x7d, 0x7d, 0x00, 0x03, 0x00, 0x7d,
    0x00, 0x00, 0x02, 0xee, 0x02, 0x71, 0x00, 0x03, 0x00, 0x1b, 0x00, 0x1f, 0x00, 0x93, 0x4b, 0xb0,
    0x2e, 0x50, 0x58, 0x40, 0x28, 0x07, 0x01, 0x05, 0x0c, 0x01, 0x0a, 0x02, 0x05, 0x0a, 0x67, 0x0f,
    0x03, 0x02, 0x00, 0x00, 0x01, 0x5f, 0x06, 0x04, 0x02, 0x01, 0x01, 0x15, 0x4d, 0x0e, 0x08, 0x02,
    0x02, 0x02, 0x09, 0x5f, 0x10, 0x0d, 0x0b, 0x03, 0x09, 0x09, 0x16, 0x09, 0x4e, 0x1b, 0x40, 0x3f,
    0x07, 0x01, 0x05, 0x0c, 0x01, 0x0a, 0x02, 0x05, 0x0a, 0x67, 0x03, 0x01, 0x00, 0x00, 0x01, 0x5f,
    0x06, 0x04, 0x02, 0x01, 0x01, 0x15, 0x4d, 0x00, 0x0f, 0x0f, 0x01, 0x5f, 0x06, 0x04, 0x02, 0x01,
    0x01, 0x15, 0x4d, 0x00, 0x0e, 0x0e, 0x09, 0x5f, 0x10, 0x0d, 0x0b, 0x03, 0x09, 0x09, 0x16, 0x4d,
    0x08, 0x01, 0x02, 0x02, 0x09, 0x5f, 0x10, 0x0d, 0x0b, 0x03, 0x09, 0x09, 0x16, 0x09, 0x4e, 0x59,
    0x40, 0x1e, 0x04, 0x04, 0x1f, 0x1e, 0x1d, 0x1c, 0x04, 0x1b, 0x04, 0x1b, 0x1a, 0x19, 0x18, 0x17,
    0x16, 0x15, 0x14, 0x13, 0x11, 0x11, 0x11, 0x11, 0x11, 0x11, 0x12, 0x11, 0x10, 0x11, 0x07, 0x1f,
    0x2b, 0x01, 0x23, 0x35, 0x33, 0x01, 0x35, 0x33, 0x11, 0x23, 0x35, 0x33, 0x15, 0x33, 0x35, 0x33,
    0x15, 0x33, 0x11, 0x33, 0x15, 0x23, 0x35, 0x23, 0x15, 0x23, 0x35, 0x23, 0x15, 0x37, 0x33, 0x11,
    0x23, 0x02, 0xee, 0x7d, 0x7d, 0xfd, 0x8f, 0x7d, 0x7d, 0x7d, 0x7d, 0x7d, 0x7d, 0x7d, 0x7d, 0x7d,
    0x7d, 0x7d, 0x7d, 0x7d, 0x7d, 0x01, 0xf4, 0x7d, 0xfd, 0x8f, 0x7d, 0x01, 0x77, 0x7d, 0x7d, 0x7d,
    0x7d, 0xfe, 0x89, 0x7d, 0x7d, 0x7d, 0x7d, 0x7d, 0x82, 0x01, 0x6d, 0x00, 0x00, 0x02, 0x00, 0x7d,
    0xff, 0x83, 0x02, 0x71, 0x02, 0xee, 0x00, 0x07, 0x00, 0x1b, 0x00, 0xaa, 0x4b, 0xb0, 0x0a, 0x50,
    0x58, 0x40, 0x3d, 0x00, 0x01, 0x00, 0x00, 0x01, 0x70, 0x0f, 0x01, 0x0d, 0x04, 0x04, 0x0d, 0x71,
    0x00, 0x08, 0x00, 0x07, 0x09, 0x08, 0x07, 0x67, 0x00, 0x09, 0x00, 0x06, 0x0a, 0x09, 0x06, 0x67,
    0x00, 0x0a, 0x00, 0x0b, 0x05, 0x0a, 0x0b, 0x67, 0x0e, 0x01, 0x03, 0x03, 0x00, 0x5f, 0x02, 0x01,
    0x00, 0x00, 0x15, 0x4d, 0x00, 0x05, 0x05, 0x04, 0x5f, 0x0c, 0x01, 0x04, 0x04, 0x16, 0x04, 0x4e,
    0x1b, 0x40, 0x3b, 0x00, 0x01, 0x00, 0x01, 0x85, 0x0f, 0x01, 0x0d, 0x04, 0x0d, 0x86, 0x00, 0x08,
    0x00, 0x07, 0x09, 0x08, 0x07, 0x67, 0x00, 0x09, 0x00, 0x06, 0x0a, 0x09, 0x06, 0x67, 0x00, 0x0a,
    0x00, 0x0b, 0x05, 0x0a, 0x0b, 0x67, 0x0e, 0x01, 0x03, 0x03, 0x00, 0x5f, 0x02, 0x01, 0x00, 0x00,
    0x15, 0x4d, 0x00, 0x05, 0x05, 0x04, 0x5f, 0x0c, 0x01, 0x04, 0x04, 0x16, 0x04, 0x4e, 0x59, 0x40,
    0x24, 0x08, 0x08, 0x00, 0x00, 0x08, 0x1b, 0x08, 0x1b, 0x1a, 0x19, 0x18, 0x17, 0x16, 0x15, 0x14,
    0x13, 0x12, 0x11, 0x10, 0x0f, 0x0e, 0x0d, 0x0c, 0x0b, 0x0a, 0x09, 0x00, 0x07, 0x00, 0x07, 0x11,
    0x11, 0x11, 0x10, 0x07, 0x19, 0x2b, 0x13, 0x35, 0x33, 0x35, 0x33, 0x15, 0x33, 0x15, 0x01, 0x35,
    0x23, 0x35, 0x21, 0x35, 0x23, 0x35, 0x23, 0x35, 0x33, 0x15, 0x33, 0x15, 0x33, 0x15, 0x23, 0x15,
    0x23, 0x15, 0xfa, 0x7d, 0x7d, 0x7d, 0xfe, 0x89, 0x7d, 0x01, 0x77, 0xfa, 0x7d, 0x7d, 0xfa, 0x7d,
    0x7d, 0x7d, 0x01, 0xf4, 0x7d, 0x7d, 0x7d, 0x7d, 0xfd, 0x8f, 0x7d, 0x7d, 0x7d, 0x7d, 0x7d, 0x7d,
    0x7d, 0x7d, 0x7d, 0x7d, 0x00, 0x03, 0x00, 0x7d, 0x00, 0x00, 0x02, 0xee, 0x02, 0x71, 0x00, 0x07,
    0x00, 0x17, 0x00, 0x1b, 0x00, 0x5f, 0x40, 0x5c, 0x07, 0x01, 0x02, 0x0e, 0x01, 0x03, 0x06, 0x02,
    0x03, 0x67, 0x08, 0x01, 0x06, 0x09, 0x01, 0x05, 0x0c, 0x06, 0x05, 0x67, 0x00, 0x0c, 0x10, 0x0d,
    0x02, 0x04, 0x0a, 0x0c, 0x04, 0x67, 0x00, 0x00, 0x00, 0x01, 0x5f, 0x00, 0x01, 0x01, 0x15, 0x4d,
    0x00, 0x0a, 0x0a, 0x0b, 0x5f, 0x0f, 0x01, 0x0b, 0x0b, 0x16, 0x0b, 0x4e, 0x18, 0x18, 0x08, 0x08,
    0x00, 0x00, 0x18, 0x1b, 0x18, 0x1b, 0x1a, 0x19, 0x08, 0x17, 0x08, 0x17, 0x16, 0x15, 0x14, 0x13,
    0x12, 0x11, 0x10, 0x0f, 0x0e, 0x0d, 0x0c, 0x0b, 0x0a, 0x09, 0x00, 0x07, 0x00, 0x07, 0x11, 0x11,
    0x11, 0x11, 0x07, 0x19, 0x2b, 0x01, 0x35, 0x23, 0x35, 0x33, 0x15, 0x33, 0x15, 0x01, 0x35, 0x23,
    0x35, 0x23, 0x35, 0x33, 0x35, 0x33, 0x15, 0x33, 0x15, 0x23, 0x15, 0x33, 0x15, 0x35, 0x35, 0x33,
    0x15, 0x02, 0x71, 0xfa, 0xfa, 0x7d, 0xfe, 0x89, 0x7d, 0x7d, 0x7d, 0x7d, 0x7d, 0x7d, 0xfa, 0x7d,
    0x01, 0x77, 0x7d, 0x7d, 0x7d, 0x7d, 0xfe, 0x89, 0x7d, 0x7d, 0x7d, 0x7d, 0x7d, 0x7d, 0x7d, 0x7d,
    0x7d, 0x7d, 0x7d, 0x00, 0x00, 0x01, 0x00, 0x7d, 0x00, 0x00, 0x02, 0x71, 0x02, 0x71, 0x00, 0x0f,
    0x00, 0x33, 0x40, 0x30, 0x00, 0x02, 0x05, 0x01, 0x01, 0x00, 0x02, 0x01, 0x67, 0x00, 0x04, 0x04,
    0x03, 0x5f, 0x00, 0x03, 0x03, 0x15, 0x4d, 0x06, 0x01, 0x00, 0x00, 0x07, 0x5f, 0x08, 0x01, 0x07,
    0x07, 0x16, 0x07, 0x4e, 0x00, 0x00, 0x00, 0x0f, 0x00, 0x0f, 0x11, 0x11, 0x11, 0x11, 0x11, 0x11,
    0x11, 0x09, 0x07, 0x1d, 0x2b, 0x33, 0x35, 0x33, 0x35, 0x23, 0x35, 0x33, 0x35, 0x33, 0x15, 0x23,
    0x15, 0x23, 0x15, 0x33, 0x15, 0x7d, 0x7d, 0x7d, 0xfa, 0xfa, 0x7d, 0x7d, 0xfa, 0x7d, 0x7d, 0x7d,
    0xfa, 0x7d, 0xfa, 0x7d, 0x7d, 0x00, 0x00, 0x02, 0x00, 0x7d, 0x00, 0x00, 0x02, 0xee, 0x02, 0x71,
    0x00, 0x03, 0x00, 0x17, 0x00, 0x3f, 0x40, 0x3c, 0x00, 0x07, 0x08, 0x01, 0x04, 0x03, 0x07, 0x04,
    0x67, 0x09, 0x01, 0x03, 0x0a, 0x01, 0x02, 0x0b, 0x03, 0x02, 0x67, 0x05, 0x01, 0x00, 0x00, 0x01,
    0x5f, 0x06, 0x01, 0x01, 0x01, 0x15, 0x4d, 0x0c, 0x01, 0x0b, 0x0b, 0x16, 0x0b, 0x4e, 0x04, 0x04,
    0x04, 0x17, 0x04, 0x17, 0x16, 0x15, 0x14, 0x13, 0x11, 0x11, 0x11, 0x11, 0x11, 0x11, 0x12, 0x11,
    0x10, 0x0d, 0x07, 0x1f, 0x2b, 0x01, 0x23, 0x35, 0x33, 0x01, 0x35, 0x23, 0x35, 0x33, 0x35, 0x23,
    0x35, 0x23, 0x35, 0x33, 0x15, 0x21, 0x15, 0x23, 0x15, 0x33, 0x15, 0x23, 0x15, 0x02, 0xee, 0x7d,
    0x7d, 0xfe, 0x89, 0x7d, 0x7d, 0x7d, 0x7d, 0x7d, 0x01, 0x77, 0x7d, 0x7d, 0x7d, 0x01, 0xf4, 0x7d,
    0xfd, 0x8f, 0x7d, 0x7d, 0x7d, 0x7d, 0x7d, 0x7d, 0x7d, 0x7d, 0x7d, 0x7d, 0x00, 0x01, 0x00, 0x7d,
    0x00, 0x00, 0x02, 0xee, 0x02, 0x71, 0x00, 0x0b, 0x00, 0x27, 0x40, 0x24, 0x03, 0x01, 0x01, 0x04,
    0x01, 0x00, 0x05, 0x01, 0x00, 0x67, 0x00, 0x02, 0x02, 0x15, 0x4d, 0x06, 0x01, 0x05, 0x05, 0x16,
    0x05, 0x4e, 0x00, 0x00, 0x00, 0x0b, 0x00, 0x0b, 0x11, 0x11, 0x11, 0x11, 0x11, 0x07, 0x07, 0x1b,
    0x2b, 0x21, 0x35, 0x23, 0x35, 0x33, 0x35, 0x33, 0x15, 0x33, 0x15, 0x23, 0x15, 0x01, 0x77, 0xfa,
    0xfa, 0x7d, 0xfa, 0xfa, 0xfa, 0x7d, 0xfa, 0xfa, 0x7d, 0xfa, 0x00, 0x02, 0x00, 0x7d, 0x00, 0x7d,
    0x01, 0xf4, 0x01, 0xf4, 0x00, 0x03, 0x00, 0x13, 0x00, 0x3b, 0x40, 0x38, 0x04, 0x01, 0x01, 0x03,
    0x01, 0x00, 0x05, 0x01, 0x00, 0x67, 0x00, 0x05, 0x00, 0x08, 0x02, 0x05, 0x08, 0x67, 0x06, 0x01,
    0x02, 0x07, 0x07, 0x02, 0x57, 0x06, 0x01, 0x02, 0x02, 0x07, 0x5f, 0x0a, 0x09, 0x02, 0x07, 0x02,
    0x07, 0x4f, 0x04, 0x04, 0x04, 0x13, 0x04, 0x13, 0x11, 0x11, 0x11, 0x11, 0x11, 0x11, 0x12, 0x11,
    0x10, 0x0b, 0x07, 0x1f, 0x2b, 0x01, 0x23, 0x35, 0x33, 0x01, 0x35, 0x33, 0x35, 0x23, 0x35, 0x33,
    0x15, 0x33, 0x15, 0x33, 0x15, 0x23, 0x35, 0x23, 0x15, 0x01, 0xf4, 0x7d, 0x7d, 0xfe, 0x89, 0x7d,
    0x7d, 0x7d, 0x7d, 0x7d, 0x7d, 0x7d, 0x01, 0x77, 0x7d, 0xfe, 0x89, 0x7d, 0x7d, 0x7d, 0x7d, 0x7d,
    0x7d, 0x7d, 0x7d, 0x00, 0x00, 0x03, 0x00, 0x7d, 0x00, 0x00, 0x01, 0xf4, 0x02, 0x71, 0x00, 0x03,
    0x00, 0x07, 0x00, 0x0b, 0x00, 0x3d, 0x40, 0x3a, 0x00, 0x02, 0x07, 0x01, 0x03, 0x04, 0x02, 0x03,
    0x67, 0x06, 0x01, 0x01, 0x01, 0x00, 0x5f, 0x00, 0x00, 0x00, 0x15, 0x4d, 0x00, 0x04, 0x04, 0x05,
    0x5f, 0x08, 0x01, 0x05, 0x05, 0x16, 0x05, 0x4e, 0x08, 0x08, 0x04, 0x04, 0x00, 0x00, 0x08, 0x0b,
    0x08, 0x0b, 0x0a, 0x09, 0x04, 0x07, 0x04, 0x07, 0x06, 0x05, 0x00, 0x03, 0x00, 0x03, 0x11, 0x09,
    0x07, 0x17, 0x2b, 0x13, 0x35, 0x33, 0x15, 0x07, 0x35, 0x21, 0x15, 0x07, 0x35, 0x33, 0x15, 0xfa,
    0x7d, 0xfa, 0x01, 0x77, 0xfa, 0x7d, 0x01, 0xf4, 0x7d, 0x7d, 0xfa, 0x7d, 0x7d, 0xfa, 0x7d, 0x7d,
    0x00, 0x02, 0x00, 0x7d, 0x00, 0x7d, 0x01, 0xf4, 0x01, 0xf4, 0x00, 0x03, 0x00, 0x07, 0x00, 0x2f,
    0x40, 0x2c, 0x00, 0x00, 0x04, 0x01, 0x01, 0x02, 0x00, 0x01, 0x67, 0x00, 0x02, 0x03, 0x03, 0x02,
    0x57, 0x00, 0x02, 0x02, 0x03, 0x5f, 0x05, 0x01, 0x03, 0x02, 0x03, 0x4f, 0x04, 0x04, 0x00, 0x00,
    0x04, 0x07, 0x04, 0x07, 0x06, 0x05, 0x00, 0x03, 0x00, 0x03, 0x11, 0x06, 0x07, 0x17, 0x2b, 0x13,
    0x35, 0x21, 0x15, 0x05, 0x35, 0x21, 0x15, 0x7d, 0x01, 0x77, 0xfe, 0x89, 0x01, 0x77, 0x01, 0x77,
    0x7d, 0x7d, 0xfa, 0x7d, 0x7d, 0x00, 0x00, 0x03, 0x00, 0x7d, 0x00, 0x00, 0x01, 0xf4, 0x02, 0x71,
    0x00, 0x0b, 0x00, 0x0f, 0x00, 0x13, 0x00, 0x51, 0x40, 0x4e, 0x00, 0x03, 0x00, 0x00, 0x04, 0x03,
    0x00, 0x67, 0x00, 0x04, 0x0a, 0x01, 0x05, 0x06, 0x04, 0x05, 0x67, 0x00, 0x06, 0x0b, 0x01, 0x07,
    0x08, 0x06, 0x07, 0x67, 0x00, 0x01, 0x01, 0x02, 0x5f, 0x00, 0x02, 0x02, 0x15, 0x4d, 0x00, 0x08,
    0x08, 0x09, 0x5f, 0x0c, 0x01, 0x09, 0x09, 0x16, 0x09, 0x4e, 0x10, 0x10, 0x0c, 0x0c, 0x00, 0x00,
    0x10, 0x13, 0x10, 0x13, 0x12, 0x11, 0x0c, 0x0f, 0x0c, 0x0f, 0x0e, 0x0d, 0x00, 0x0b, 0x00, 0x0b,
    0x11, 0x11, 0x11, 0x11, 0x11, 0x0d, 0x07, 0x1b, 0x2b, 0x25, 0x35, 0x23, 0x35, 0x23, 0x35, 0x33,
    0x15, 0x33, 0x15, 0x33, 0x15, 0x07, 0x35, 0x33, 0x15, 0x07, 0x35, 0x33, 0x15, 0x01, 0x77, 0x7d,
    0x7d, 0x7d, 0x7d, 0x7d, 0xfa, 0x7d, 0xfa, 0x7d, 0xfa, 0x7d, 0x7d, 0x7d, 0x7d, 0x7d, 0x7d, 0x7d,
    0x7d, 0x7d, 0x7d, 0x7d, 0x7d, 0x00, 0x00, 0x03, 0x00, 0x7d, 0x00, 0x00, 0x01, 0xf4, 0x02, 0x71,
    0x00, 0x03, 0x00, 0x07, 0x00, 0x13, 0x00, 0x55, 0x40, 0x52, 0x00, 0x02, 0x0b, 0x01, 0x03, 0x06,
    0x02, 0x03, 0x67, 0x00, 0x06, 0x00, 0x05, 0x07, 0x06, 0x05, 0x67, 0x00, 0x07, 0x00, 0x04, 0x08,
    0x07, 0x04, 0x67, 0x0a, 0x01, 0x01, 0x01, 0x00, 0x5f, 0x00, 0x00, 0x00, 0x15, 0x4d, 0x00, 0x08,
    0x08, 0x09, 0x5f, 0x0c, 0x01, 0x09, 0x09, 0x16, 0x09, 0x4e, 0x08, 0x08, 0x04, 0x04, 0x00, 0x00,
    0x08, 0x13, 0x08, 0x13, 0x12, 0x11, 0x10, 0x0f, 0x0e, 0x0d, 0x0c, 0x0b, 0x0a, 0x09, 0x04, 0x07,
    0x04, 0x07, 0x06, 0x05, 0x00, 0x03, 0x00, 0x03, 0x11, 0x0d, 0x07, 0x17, 0x2b, 0x01, 0x35, 0x33,
    0x15, 0x07, 0x35, 0x33, 0x15, 0x11, 0x35, 0x23, 0x35, 0x23, 0x35, 0x33, 0x15, 0x33, 0x15, 0x33,
    0x15, 0x01, 0x77, 0x7d, 0xfa, 0x7d, 0x7d, 0x7d, 0x7d, 0x7d, 0x7d, 0x01, 0xf4, 0x7d, 0x7d, 0x7d,
    0x7d, 0x7d, 0xfe, 0x89, 0x7d, 0x7d, 0x7d, 0x7d, 0x7d, 0x7d, 0x00, 0x01, 0x00, 0x7d, 0xff, 0x83,
    0x02, 0xee, 0x02, 0x71, 0x00, 0x0f, 0x00, 0x2c, 0x40, 0x29, 0x04, 0x01, 0x02, 0x05, 0x01, 0x01,
    0x00, 0x02, 0x01, 0x67, 0x06, 0x01, 0x00, 0x08, 0x01, 0x07, 0x00, 0x07, 0x64, 0x00, 0x03, 0x03,
    0x15, 0x03, 0x4e, 0x00, 0x00, 0x00, 0x0f, 0x00, 0x0f, 0x11, 0x11, 0x11, 0x11, 0x11, 0x11, 0x11,
    0x09, 0x07, 0x1d, 0x2b, 0x17, 0x35, 0x33, 0x35, 0x23, 0x35, 0x33, 0x35, 0x33, 0x15, 0x33, 0x15,
    0x23, 0x15, 0x33, 0x15, 0x7d, 0xfa, 0xfa, 0xfa, 0x7d, 0xfa, 0xfa, 0xfa, 0x7d, 0x7d, 0xfa, 0x7d,
    0xfa, 0xfa, 0x7d, 0xfa, 0x7d, 0x00, 0x00, 0x02, 0x00, 0x7d, 0x01, 0x77, 0x02, 0x71, 0x02, 0x71,
    0x00, 0x03, 0x00, 0x0f, 0x00, 0x39, 0xb1, 0x06, 0x64, 0x44, 0x40, 0x2e, 0x03, 0x01, 0x01, 0x06,
    0x01, 0x00, 0x02, 0x01, 0x00, 0x67, 0x04, 0x01, 0x02, 0x05, 0x05, 0x02, 0x57, 0x04, 0x01, 0x02,
    0x02, 0x05, 0x5f, 0x08, 0x07, 0x02, 0x05, 0x02, 0x05, 0x4f, 0x04, 0x04, 0x04, 0x0f, 0x04, 0x0f,
    0x11, 0x11, 0x11, 0x11, 0x12, 0x11, 0x10, 0x09, 0x07, 0x1d, 0x2b, 0xb1, 0x06, 0x00, 0x44, 0x01,
    0x23, 0x35, 0x33, 0x05, 0x35, 0x33, 0x35, 0x33, 0x15, 0x33, 0x15, 0x23, 0x35, 0x23, 0x15, 0x02,
    0x71, 0x7d, 0x7d, 0xfe, 0x0c, 0x7d, 0x7d, 0x7d, 0x7d, 0x7d, 0x01, 0xf4, 0x7d, 0xfa, 0x7d, 0x7d,
    0x7d, 0x7d, 0x7d, 0x7d, 0x00, 0x01, 0x00, 0x7d, 0x00, 0x7d, 0x02, 0x71, 0x01, 0x77, 0x00, 0x05,
    0x00, 0x46, 0x4b, 0xb0, 0x0a, 0x50, 0x58, 0x40, 0x17, 0x03, 0x01, 0x02, 0x00, 0x00, 0x02, 0x71,
    0x00, 0x01, 0x00, 0x00, 0x01, 0x57, 0x00, 0x01, 0x01, 0x00, 0x5f, 0x00, 0x00, 0x01, 0x00, 0x4f,
    0x1b, 0x40, 0x16, 0x03, 0x01, 0x02, 0x00, 0x02, 0x86, 0x00, 0x01, 0x00, 0x00, 0x01, 0x57, 0x00,
    0x01, 0x01, 0x00, 0x5f, 0x00, 0x00, 0x01, 0x00, 0x4f, 0x59, 0x40, 0x0b, 0x00, 0x00, 0x00, 0x05,
    0x00, 0x05, 0x11, 0x11, 0x04, 0x07, 0x18, 0x2b, 0x25, 0x35, 0x21, 0x35, 0x21, 0x15, 0x01, 0xf4,
    0xfe, 0x89, 0x01, 0xf4, 0x7d, 0x7d, 0x7d, 0xfa, 0x00, 0x01, 0x00, 0x7d, 0x01, 0xf4, 0x01, 0xf4,
    0x02, 0xee, 0x00, 0x0b, 0x00, 0x35, 0xb1, 0x06, 0x64, 0x44, 0x40, 0x2a, 0x00, 0x01, 0x00, 0x04,
    0x00, 0x01, 0x04, 0x67, 0x02, 0x01, 0x00, 0x03, 0x03, 0x00, 0x57, 0x02, 0x01, 0x00, 0x00, 0x03,
    0x5f, 0x06, 0x05, 0x02, 0x03, 0x00, 0x03, 0x4f, 0x00, 0x00, 0x00, 0x0b, 0x00, 0x0b, 0x11, 0x11,
    0x11, 0x11, 0x11, 0x07, 0x07, 0x1b, 0x2b, 0xb1, 0x06, 0x00, 0x44, 0x13, 0x35, 0x33, 0x35, 0x33,
    0x15, 0x33, 0x15, 0x23, 0x35, 0x23, 0x15, 0x7d, 0x7d, 0x7d, 0x7d, 0x7d, 0x7d, 0x01, 0xf4, 0x7d,
    0x7d, 0x7d, 0x7d, 0x7d, 0x7d, 0x00, 0x00, 0x02, 0x00, 0x7d, 0xff, 0x83, 0x02, 0x71, 0x02, 0x71,
    0x00, 0x07, 0x00, 0x0b, 0x00, 0x3a, 0x40, 0x37, 0x07, 0x01, 0x05, 0x05, 0x00, 0x5f, 0x04, 0x01,
    0x00, 0x00, 0x15, 0x4d, 0x00, 0x01, 0x01, 0x02, 0x5f, 0x00, 0x02, 0x02, 0x16, 0x4d, 0x06, 0x01,
    0x03, 0x03, 0x00, 0x5f, 0x04, 0x01, 0x00, 0x00, 0x15, 0x03, 0x4e, 0x08, 0x08, 0x00, 0x00, 0x08,
    0x0b, 0x08, 0x0b, 0x0a, 0x09, 0x00, 0x07, 0x00, 0x07, 0x11, 0x11, 0x11, 0x08, 0x07, 0x19, 0x2b,
    0x17, 0x11, 0x33, 0x11, 0x33, 0x15, 0x23, 0x15, 0x37, 0x11, 0x33, 0x11, 0x7d, 0x7d, 0xfa, 0xfa,
    0xfa, 0x7d, 0x7d, 0x02, 0xee, 0xfe, 0x0c, 0x7d, 0x7d, 0xfa, 0x01, 0xf4, 0xfe, 0x0c, 0x00, 0x03,
    0x00, 0x7d, 0x00, 0x00, 0x02, 0xee, 0x02, 0x71, 0x00, 0x0b, 0x00, 0x0f, 0x00, 0x13, 0x00, 0x45,
    0x40, 0x42, 0x00, 0x03, 0x00, 0x00, 0x04, 0x03, 0x00, 0x67, 0x0b, 0x07, 0x02, 0x01, 0x01, 0x02,
    0x5f, 0x06, 0x01, 0x02, 0x02, 0x15, 0x4d, 0x08, 0x01, 0x04, 0x04, 0x05, 0x5f, 0x0c, 0x09, 0x0a,
    0x03, 0x05, 0x05, 0x16, 0x05, 0x4e, 0x10, 0x10, 0x0c, 0x0c, 0x00, 0x00, 0x10, 0x13, 0x10, 0x13,
    0x12, 0x11, 0x0c, 0x0f, 0x0c, 0x0f, 0x0e, 0x0d, 0x00, 0x0b, 0x00, 0x0b, 0x11, 0x11, 0x11, 0x11,
    0x11, 0x0d, 0x07, 0x1b, 0x2b, 0x21, 0x35, 0x23, 0x35, 0x23, 0x35, 0x33, 0x15, 0x33, 0x15, 0x33,
    0x15, 0x03, 0x35, 0x33, 0x15, 0x01, 0x35, 0x33, 0x15, 0x01, 0xf4, 0x7d, 0xfa, 0xfa, 0x7d, 0xfa,
    0xfa, 0x7d, 0xfe, 0x89, 0x7d, 0xfa, 0x7d, 0xfa, 0xfa, 0x7d, 0xfa, 0x01, 0x77, 0xfa, 0xfa, 0xfe,
    0x89, 0xfa, 0xfa, 0x00, 0x00, 0x04, 0x00, 0x7d, 0x00, 0x00, 0x03, 0x6b, 0x02, 0x71, 0x00, 0x0b,
    0x00, 0x0f, 0x00, 0x13, 0x00, 0x17, 0x00, 0x50, 0x40, 0x4d, 0x00, 0x03, 0x00, 0x00, 0x04, 0x03,
    0x00, 0x67, 0x0d, 0x07, 0x02, 0x01, 0x01, 0x02, 0x5f, 0x06, 0x01, 0x02, 0x02, 0x15, 0x4d, 0x0a,
    0x08, 0x02, 0x04, 0x04, 0x05, 0x5f, 0x0f, 0x0b, 0x0e, 0x09, 0x0c, 0x05, 0x05, 0x05, 0x16, 0x05,
    0x4e, 0x14, 0x14, 0x10, 0x10, 0x0c, 0x0c, 0x00, 0x00, 0x14, 0x17, 0x14, 0x17, 0x16, 0x15, 0x10,
    0x13, 0x10, 0x13, 0x12, 0x11, 0x0c, 0x0f, 0x0c, 0x0f, 0x0e, 0x0d, 0x00, 0x0b, 0x00, 0x0b, 0x11,
    0x11, 0x11, 0x11, 0x11, 0x10, 0x07, 0x1b, 0x2b, 0x21, 0x35, 0x23, 0x35, 0x23, 0x35, 0x33, 0x15,
    0x33, 0x15, 0x33, 0x15, 0x03, 0x35, 0x33, 0x15, 0x01, 0x35, 0x33, 0x15, 0x21, 0x35, 0x33, 0x15,
    0x01, 0xf4, 0x7d, 0xfa, 0xfa, 0x7d, 0x7d, 0x7d, 0x7d, 0xfe, 0x89, 0x7d, 0x01, 0x77, 0x7d, 0xfa,
    0x7d, 0xfa, 0xfa, 0x7d, 0xfa, 0x01, 0x77, 0xfa, 0xfa, 0xfe, 0x89, 0xfa, 0xfa, 0xfa, 0xfa, 0x00,
    0x00, 0x02, 0x00, 0x7d, 0x03, 0x6b, 0x01, 0xf4, 0x03, 0xe8, 0x00, 0x03, 0x00, 0x07, 0x00, 0x32,
    0xb1, 0x06, 0x64, 0x44, 0x40, 0x27, 0x02, 0x01, 0x00, 0x01, 0x01, 0x00, 0x57, 0x02, 0x01, 0x00,
    0x00, 0x01, 0x5f, 0x05, 0x03, 0x04, 0x03, 0x01, 0x00, 0x01, 0x4f, 0x04, 0x04, 0x00, 0x00, 0x04,
    0x07, 0x04, 0x07, 0x06, 0x05, 0x00, 0x03, 0x00, 0x03, 0x11, 0x06, 0x07, 0x17, 0x2b, 0xb1, 0x06,
    0x00, 0x44, 0x01, 0x35, 0x33, 0x15, 0x21, 0x35, 0x33, 0x15, 0x01, 0x77, 0x7d, 0xfe, 0x89, 0x7d,
    0x03, 0x6b, 0x7d, 0x7d, 0x7d, 0x7d, 0x00, 0x01, 0x00, 0x7d, 0x02, 0xee, 0x01, 0x77, 0x03, 0xe8,
    0x00, 0x07, 0x00, 0x30, 0xb1, 0x06, 0x64, 0x44, 0x40, 0x25, 0x00, 0x01, 0x00, 0x00, 0x02, 0x01,
    0x00, 0x67, 0x00, 0x02, 0x03, 0x03, 0x02, 0x57, 0x00, 0x02, 0x02, 0x03, 0x5f, 0x04, 0x01, 0x03,
    0x02, 0x03, 0x4f, 0x00, 0x00, 0x00, 0x07, 0x00, 0x07, 0x11, 0x11, 0x11, 0x05, 0x07, 0x19, 0x2b,
    0xb1, 0x06, 0x00, 0x44, 0x13, 0x35, 0x23, 0x35, 0x33, 0x15, 0x33, 0x15, 0xfa, 0x7d, 0x7d, 0x7d,
    0x02, 0xee, 0x7d, 0x7d, 0x7d, 0x7d, 0x00, 0x01, 0x00, 0x7d, 0x02, 0xee, 0x01, 0x77, 0x03, 0xe8,
    0x00, 0x07, 0x00, 0x30, 0xb1, 0x06, 0x64, 0x44, 0x40, 0x25, 0x00, 0x01, 0x00, 0x02, 0x00, 0x01,
    0x02, 0x67, 0x00, 0x00, 0x03, 0x03, 0x00, 0x57, 0x00, 0x00, 0x00, 0x03, 0x5f, 0x04, 0x01, 0x03,
    0x00, 0x03, 0x4f, 0x00, 0x00, 0x00, 0x07, 0x00, 0x07, 0x11, 0x11, 0x11, 0x05, 0x07, 0x19, 0x2b,
    0xb1, 0x06, 0x00, 0x44, 0x13, 0x35, 0x33, 0x35, 0x33, 0x15, 0x23, 0x15, 0x7d, 0x7d, 0x7d, 0x7d,
    0x02, 0xee, 0x7d, 0x7d, 0x7d, 0x7d, 0x00, 0x01, 0x00, 0x7d, 0x02, 0xee, 0x01, 0xf4, 0x03, 0xe8,
    0x00, 0x0b, 0x00, 0x35, 0xb1, 0x06, 0x64, 0x44, 0x40, 0x2a, 0x00, 0x01, 0x00, 0x04, 0x00, 0x01,
    0x04, 0x67, 0x02, 0x01, 0x00, 0x03, 0x03, 0x00, 0x57, 0x02, 0x01, 0x00, 0x00, 0x03, 0x5f, 0x06,
    0x05, 0x02, 0x03, 0x00, 0x03, 0x4f, 0x00, 0x00, 0x00, 0x0b, 0x00, 0x0b, 0x11, 0x11, 0x11, 0x11,
    0x11, 0x07, 0x07, 0x1b, 0x2b, 0xb1, 0x06, 0x00, 0x44, 0x13, 0x35, 0x33, 0x35, 0x33, 0x15, 0x33,
    0x15, 0x23, 0x35, 0x23, 0x15, 0x7d, 0x7d, 0x7d, 0x7d, 0x7d, 0x7d, 0x02, 0xee, 0x7d, 0x7d, 0x7d,
    0x7d, 0x7d, 0x7d, 0x00, 0x00, 0x02, 0x00, 0x7d, 0x02, 0xee, 0x02, 0x71, 0x03, 0xe8, 0x00, 0x03,
    0x00, 0x0f, 0x00, 0x39, 0xb1, 0x06, 0x64, 0x44, 0x40, 0x2e, 0x03, 0x01, 0x01, 0x06, 0x01, 0x00,
    0x02, 0x01, 0x00, 0x67, 0x04, 0x01, 0x02, 0x05, 0x05, 0x02, 0x57, 0x04, 0x01, 0x02, 0x02, 0x05,
    0x5f, 0x08, 0x07, 0x02, 0x05, 0x02, 0x05, 0x4f, 0x04, 0x04, 0x04, 0x0f, 0x04, 0x0f, 0x11, 0x11,
    0x11, 0x11, 0x12, 0x11, 0x10, 0x09, 0x07, 0x1d, 0x2b, 0xb1, 0x06, 0x00, 0x44, 0x01, 0x23, 0x35,
    0x33, 0x05, 0x35, 0x33, 0x35, 0x33, 0x15, 0x33, 0x15, 0x23, 0x35, 0x23, 0x15, 0x02, 0x71, 0x7d,
    0x7d, 0xfe, 0x0c, 0x7d, 0x7d, 0x7d, 0x7d, 0x7d, 0x03, 0x6b, 0x7d, 0xfa, 0x7d, 0x7d, 0x7d, 0x7d,
    0x7d, 0x7d, 0x00, 0x01, 0x00, 0x7d, 0x01, 0xf4, 0x02, 0x71, 0x02, 0x71, 0x00, 0x03, 0x00, 0x26,
    0xb1, 0x06, 0x64, 0x44, 0x40, 0x1b, 0x00, 0x00, 0x01, 0x01, 0x00, 0x57, 0x00, 0x00, 0x00, 0x01,
    0x5f, 0x02, 0x01, 0x01, 0x00, 0x01, 0x4f, 0x00, 0x00, 0x00, 0x03, 0x00, 0x03, 0x11, 0x03, 0x07,
    0x17, 0x2b, 0xb1, 0x06, 0x00, 0x44, 0x13, 0x35, 0x21, 0x15, 0x7d, 0x01, 0xf4, 0x01, 0xf4, 0x7d,
    0x7d, 0x00, 0x00, 0x02, 0x00, 0x87, 0xff, 0x06, 0x01, 0x81, 0x00, 0x00, 0x00, 0x03, 0x00, 0x07,
    0x00, 0x37, 0xb1, 0x06, 0x64, 0x44, 0x40, 0x2c, 0x00, 0x00, 0x04, 0x01, 0x01, 0x02, 0x00, 0x01,
    0x67, 0x00, 0x02, 0x03, 0x03, 0x02, 0x57, 0x00, 0x02, 0x02, 0x03, 0x5f, 0x05, 0x01, 0x03, 0x02,
    0x03, 0x4f, 0x04, 0x04, 0x00, 0x00, 0x04, 0x07, 0x04, 0x07, 0x06, 0x05, 0x00, 0x03, 0x00, 0x03,
    0x11, 0x06, 0x07, 0x17, 0x2b, 0xb1, 0x06, 0x00, 0x44, 0x05, 0x35, 0x33, 0x15, 0x07, 0x35, 0x33,
    0x15, 0x01, 0x04, 0x7d, 0xfa, 0x7d, 0x7d, 0x7d, 0x7d, 0x7d, 0x7d, 0x7d, 0xff, 0xff, 0x00, 0x7d,
    0x03, 0x6b, 0x01, 0xf4, 0x03, 0xe8, 0x00, 0x06, 0x00, 0xd6, 0x00, 0x00, 0xff, 0xff, 0x00, 0x7d,
    0x02, 0xee, 0x01, 0x77, 0x03, 0xe8, 0x00, 0x06, 0x00, 0xd7, 0x00, 0x00, 0xff, 0xff, 0x00, 0x7d,
    0x02, 0xee, 0x01, 0x77, 0x03, 0xe8, 0x00, 0x06, 0x00, 0xd8, 0x00, 0x00, 0xff, 0xff, 0x00, 0x7d,
    0x02, 0xee, 0x01, 0xf4, 0x03, 0xe8, 0x00, 0x06, 0x00, 0xd9, 0x00, 0x00, 0xff, 0xff, 0x00, 0x7d,
    0x02, 0xee, 0x02, 0x71, 0x03, 0xe8, 0x00, 0x06, 0x00, 0xda, 0x00, 0x00, 0xff, 0xff, 0x00, 0x7d,
    0x01, 0xf4, 0x02, 0x71, 0x02, 0x71, 0x00, 0x06, 0x00, 0xdb, 0x00, 0x00, 0xff, 0xff, 0x00, 0x87,
    0xff, 0x06, 0x01, 0x81, 0x00, 0x00, 0x00, 0x06, 0x00, 0xdc, 0x00, 0x00, 0x00, 0x00, 0x00, 0x16,
    0x01, 0x0e, 0x00, 0x01, 0x00, 0x00, 0x00, 0x00, 0x00, 0x01, 0x00, 0x0f, 0x00, 0x00, 0x00, 0x01,
    0x00, 0x00, 0x00, 0x00, 0x00, 0x03, 0x00, 0x21, 0x00, 0x0f, 0x00, 0x01, 0x00, 0x00, 0x00, 0x00,
    0x00, 0x04, 0x00, 0x17, 0x00, 0x30, 0x00, 0x01, 0x00, 0x00, 0x00, 0x00, 0x00, 0x05, 0x00, 0x21,
    0x00, 0x47, 0x00, 0x01, 0x00, 0x00, 0x00, 0x00, 0x00, 0x06, 0x00, 0x16, 0x00, 0x68, 0x00, 0x01,
    0x00, 0x00, 0x00, 0x00, 0x00, 0x10, 0x00, 0x0f, 0x00, 0x00, 0x00, 0x01, 0x00, 0x00, 0x00, 0x00,
    0x00, 0x11, 0x00, 0x07, 0x00, 0x7e, 0x00, 0x03, 0x00, 0x01, 0x04, 0x09, 0x00, 0x00, 0x00, 0xb2,
    0x00, 0x85, 0x00, 0x03, 0x00, 0x01, 0x04, 0x09, 0x00, 0x01, 0x00, 0x1e, 0x01, 0x37, 0x00, 0x03,
    0x00, 0x01, 0x04, 0x09, 0x00, 0x02, 0x00, 0x0e, 0x01, 0x55, 0x00, 0x03, 0x00, 0x01, 0x04, 0x09,
    0x00, 0x03, 0x00, 0x42, 0x01, 0x63, 0x00, 0x03, 0x00, 0x01, 0x04, 0x09, 0x00, 0x04, 0x00, 0x2e,
    0x01, 0xa5, 0x00, 0x03, 0x00, 0x01, 0x04, 0x09, 0x00, 0x05, 0x00, 0x42, 0x01, 0xd3, 0x00, 0x03,
    0x00, 0x01, 0x04, 0x09, 0x00, 0x06, 0x00, 0x2c, 0x02, 0x15, 0x00, 0x03, 0x00, 0x01, 0x04, 0x09,
    0x00, 0x08, 0x00, 0x18, 0x02, 0x41, 0x00, 0x03, 0x00, 0x01, 0x04, 0x09, 0x00, 0x09, 0x00, 0x18,
    0x02, 0x41, 0x00, 0x03, 0x00, 0x01, 0x04, 0x09, 0x00, 0x0b, 0x00, 0x26, 0x02, 0x59, 0x00, 0x03,
    0x00, 0x01, 0x04, 0x09, 0x00, 0x0c, 0x00, 0x26, 0x02, 0x59, 0x00, 0x03, 0x00, 0x01, 0x04, 0x09,
    0x00, 0x0d, 0x01, 0x22, 0x02, 0x7f, 0x00, 0x03, 0x00, 0x01, 0x04, 0x09, 0x00, 0x0e, 0x00, 0x36,
    0x03, 0xa1, 0x00, 0x03, 0x00, 0x01, 0x04, 0x09, 0x00, 0x10, 0x00, 0x1e, 0x01, 0x37, 0x00, 0x03,
    0x00, 0x01, 0x04, 0x09, 0x00, 0x11, 0x00, 0x0e, 0x01, 0x55, 0x53, 0x69, 0x6c, 0x6b, 0x73, 0x63,
    0x72, 0x65, 0x65, 0x6e, 0x20, 0x46, 0x6c, 0x61, 0x74, 0x31, 0x2e, 0x30, 0x30, 0x32, 0x3b, 0x55,
    0x4e, 0x4b, 0x4e, 0x3b, 0x53, 0x69, 0x6c, 0x6b, 0x73, 0x63, 0x72, 0x65, 0x65, 0x6e, 0x46, 0x6c,
    0x61, 0x74, 0x2d, 0x52, 0x65, 0x67, 0x75, 0x6c, 0x61, 0x72, 0x53, 0x69, 0x6c, 0x6b, 0x73, 0x63,
    0x72, 0x65, 0x65, 0x6e, 0x20, 0x46, 0x6c, 0x61, 0x74, 0x20, 0x52, 0x65, 0x67, 0x75, 0x6c, 0x61,
    0x72, 0x56, 0x65, 0x72, 0x73, 0x69, 0x6f, 0x6e, 0x20, 0x31, 0x2e, 0x30, 0x30, 0x32, 0x3b, 0x20,
    0x63, 0x75, 0x73, 0x74, 0x6f, 0x6d, 0x20, 0x6c, 0x6f, 0x77, 0x65, 0x72, 0x63, 0x61, 0x73, 0x65,
    0x20, 0x62, 0x53, 0x69, 0x6c, 0x6b, 0x73, 0x63, 0x72, 0x65, 0x65, 0x6e, 0x46, 0x6c, 0x61, 0x74,
    0x2d, 0x52, 0x65, 0x67, 0x75, 0x6c, 0x61, 0x72, 0x52, 0x65, 0x67, 0x75, 0x6c, 0x61, 0x72, 0x00,
    0x43, 0x00, 0x6f, 0x00, 0x70, 0x00, 0x79, 0x00, 0x72, 0x00, 0x69, 0x00, 0x67, 0x00, 0x68, 0x00,
    0x74, 0x00, 0x20, 0x00, 0x32, 0x00, 0x30, 0x00, 0x30, 0x00, 0x31, 0x00, 0x20, 0x00, 0x54, 0x00,
    0x68, 0x00, 0x65, 0x00, 0x20, 0x00, 0x53, 0x00, 0x69, 0x00, 0x6c, 0x00, 0x6b, 0x00, 0x73, 0x00,
    0x63, 0x00, 0x72, 0x00, 0x65, 0x00, 0x65, 0x00, 0x6e, 0x00, 0x20, 0x00, 0x50, 0x00, 0x72, 0x00,
    0x6f, 0x00, 0x6a, 0x00, 0x65, 0x00, 0x63, 0x00, 0x74, 0x00, 0x20, 0x00, 0x41, 0x00, 0x75, 0x00,
    0x74, 0x00, 0x68, 0x00, 0x6f, 0x00, 0x72, 0x00, 0x73, 0x00, 0x20, 0x00, 0x28, 0x00, 0x68, 0x00,
    0x74, 0x00, 0x74, 0x00, 0x70, 0x00, 0x73, 0x00, 0x3a, 0x00, 0x2f, 0x00, 0x2f, 0x00, 0x67, 0x00,
    0x69, 0x00, 0x74, 0x00, 0x68, 0x00, 0x75, 0x00, 0x62, 0x00, 0x2e, 0x00, 0x63, 0x00, 0x6f, 0x00,
    0x6d, 0x00, 0x2f, 0x00, 0x67, 0x00, 0x6f, 0x00, 0x6f, 0x00, 0x67, 0x00, 0x6c, 0x00, 0x65, 0x00,
    0x66, 0x00, 0x6f, 0x00, 0x6e, 0x00, 0x74, 0x00, 0x73, 0x00, 0x2f, 0x00, 0x73, 0x00, 0x69, 0x00,
    0x6c, 0x00, 0x6b, 0x00, 0x73, 0x00, 0x63, 0x00, 0x72, 0x00, 0x65, 0x00, 0x65, 0x00, 0x6e, 0x00,
    0x29, 0x00, 0x53, 0x00, 0x69, 0x00, 0x6c, 0x00, 0x6b, 0x00, 0x73, 0x00, 0x63, 0x00, 0x72, 0x00,
    0x65, 0x00, 0x65, 0x00, 0x6e, 0x00, 0x20, 0x00, 0x46, 0x00, 0x6c, 0x00, 0x61, 0x00, 0x74, 0x00,
    0x52, 0x00, 0x65, 0x00, 0x67, 0x00, 0x75, 0x00, 0x6c, 0x00, 0x61, 0x00, 0x72, 0x00, 0x31, 0x00,
    0x2e, 0x00, 0x30, 0x00, 0x30, 0x00, 0x32, 0x00, 0x3b, 0x00, 0x55, 0x00, 0x4e, 0x00, 0x4b, 0x00,
    0x4e, 0x00, 0x3b, 0x00, 0x53, 0x00, 0x69, 0x00, 0x6c, 0x00, 0x6b, 0x00, 0x73, 0x00, 0x63, 0x00,
    0x72, 0x00, 0x65, 0x00, 0x65, 0x00, 0x6e, 0x00, 0x46, 0x00, 0x6c, 0x00, 0x61, 0x00, 0x74, 0x00,
    0x2d, 0x00, 0x52, 0x00, 0x65, 0x00, 0x67, 0x00, 0x75, 0x00, 0x6c, 0x00, 0x61, 0x00, 0x72, 0x00,
    0x53, 0x00, 0x69, 0x00, 0x6c, 0x00, 0x6b, 0x00, 0x73, 0x00, 0x63, 0x00, 0x72, 0x00, 0x65, 0x00,
    0x65, 0x00, 0x6e, 0x00, 0x20, 0x00, 0x46, 0x00, 0x6c, 0x00, 0x61, 0x00, 0x74, 0x00, 0x20, 0x00,
    0x52, 0x00, 0x65, 0x00, 0x67, 0x00, 0x75, 0x00, 0x6c, 0x00, 0x61, 0x00, 0x72, 0x00, 0x56, 0x00,
    0x65, 0x00, 0x72, 0x00, 0x73, 0x00, 0x69, 0x00, 0x6f, 0x00, 0x6e, 0x00, 0x20, 0x00, 0x31, 0x00,
    0x2e, 0x00, 0x30, 0x00, 0x30, 0x00, 0x32, 0x00, 0x3b, 0x00, 0x20, 0x00, 0x63, 0x00, 0x75, 0x00,
    0x73, 0x00, 0x74, 0x00, 0x6f, 0x00, 0x6d, 0x00, 0x20, 0x00, 0x6c, 0x00, 0x6f, 0x00, 0x77, 0x00,
    0x65, 0x00, 0x72, 0x00, 0x63, 0x00, 0x61, 0x00, 0x73, 0x00, 0x65, 0x00, 0x20, 0x00, 0x62, 0x00,
    0x53, 0x00, 0x69, 0x00, 0x6c, 0x00, 0x6b, 0x00, 0x73, 0x00, 0x63, 0x00, 0x72, 0x00, 0x65, 0x00,
    0x65, 0x00, 0x6e, 0x00, 0x46, 0x00, 0x6c, 0x00, 0x61, 0x00, 0x74, 0x00, 0x2d, 0x00, 0x52, 0x00,
    0x65, 0x00, 0x67, 0x00, 0x75, 0x00, 0x6c, 0x00, 0x61, 0x00, 0x72, 0x00, 0x4a, 0x00, 0x61, 0x00,
    0x73, 0x00, 0x6f, 0x00, 0x6e, 0x00, 0x20, 0x00, 0x4b, 0x00, 0x6f, 0x00, 0x74, 0x00, 0x74, 0x00,
    0x6b, 0x00, 0x65, 0x00, 0x68, 0x00, 0x74, 0x00, 0x74, 0x00, 0x70, 0x00, 0x73, 0x00, 0x3a, 0x00,
    0x2f, 0x00, 0x2f, 0x00, 0x6b, 0x00, 0x6f, 0x00, 0x74, 0x00, 0x74, 0x00, 0x6b, 0x00, 0x65, 0x00,
    0x2e, 0x00, 0x6f, 0x00, 0x72, 0x00, 0x67, 0x00, 0x2f, 0x00, 0x54, 0x00, 0x68, 0x00, 0x69, 0x00,
    0x73, 0x00, 0x20, 0x00, 0x46, 0x00, 0x6f, 0x00, 0x6e, 0x00, 0x74, 0x00, 0x20, 0x00, 0x53, 0x00,
    0x6f, 0x00, 0x66, 0x00, 0x74, 0x00, 0x77, 0x00, 0x61, 0x00, 0x72, 0x00, 0x65, 0x00, 0x20, 0x00,
    0x69, 0x00, 0x73, 0x00, 0x20, 0x00, 0x6c, 0x00, 0x69, 0x00, 0x63, 0x00, 0x65, 0x00, 0x6e, 0x00,
    0x73, 0x00, 0x65, 0x00, 0x64, 0x00, 0x20, 0x00, 0x75, 0x00, 0x6e, 0x00, 0x64, 0x00, 0x65, 0x00,
    0x72, 0x00, 0x20, 0x00, 0x74, 0x00, 0x68, 0x00, 0x65, 0x00, 0x20, 0x00, 0x53, 0x00, 0x49, 0x00,
    0x4c, 0x00, 0x20, 0x00, 0x4f, 0x00, 0x70, 0x00, 0x65, 0x00, 0x6e, 0x00, 0x20, 0x00, 0x46, 0x00,
    0x6f, 0x00, 0x6e, 0x00, 0x74, 0x00, 0x20, 0x00, 0x4c, 0x00, 0x69, 0x00, 0x63, 0x00, 0x65, 0x00,
    0x6e, 0x00, 0x73, 0x00, 0x65, 0x00, 0x2c, 0x00, 0x20, 0x00, 0x56, 0x00, 0x65, 0x00, 0x72, 0x00,
    0x73, 0x00, 0x69, 0x00, 0x6f, 0x00, 0x6e, 0x00, 0x20, 0x00, 0x31, 0x00, 0x2e, 0x00, 0x31, 0x00,
    0x2e, 0x00, 0x20, 0x00, 0x54, 0x00, 0x68, 0x00, 0x69, 0x00, 0x73, 0x00, 0x20, 0x00, 0x6c, 0x00,
    0x69, 0x00, 0x63, 0x00, 0x65, 0x00, 0x6e, 0x00, 0x73, 0x00, 0x65, 0x00, 0x20, 0x00, 0x69, 0x00,
    0x73, 0x00, 0x20, 0x00, 0x61, 0x00, 0x76, 0x00, 0x61, 0x00, 0x69, 0x00, 0x6c, 0x00, 0x61, 0x00,
    0x62, 0x00, 0x6c, 0x00, 0x65, 0x00, 0x20, 0x00, 0x77, 0x00, 0x69, 0x00, 0x74, 0x00, 0x68, 0x00,
    0x20, 0x00, 0x61, 0x00, 0x20, 0x00, 0x46, 0x00, 0x41, 0x00, 0x51, 0x00, 0x20, 0x00, 0x61, 0x00,
    0x74, 0x00, 0x3a, 0x00, 0x20, 0x00, 0x68, 0x00, 0x74, 0x00, 0x74, 0x00, 0x70, 0x00, 0x73, 0x00,
    0x3a, 0x00, 0x2f, 0x00, 0x2f, 0x00, 0x73, 0x00, 0x63, 0x00, 0x72, 0x00, 0x69, 0x00, 0x70, 0x00,
    0x74, 0x00, 0x73, 0x00, 0x2e, 0x00, 0x73, 0x00, 0x69, 0x00, 0x6c, 0x00, 0x2e, 0x00, 0x6f, 0x00,
    0x72, 0x00, 0x67, 0x00, 0x2f, 0x00, 0x4f, 0x00, 0x46, 0x00, 0x4c, 0x00, 0x68, 0x00, 0x74, 0x00,
    0x74, 0x00, 0x70, 0x00, 0x73, 0x00, 0x3a, 0x00, 0x2f, 0x00, 0x2f, 0x00, 0x73, 0x00, 0x63, 0x00,
    0x72, 0x00, 0x69, 0x00, 0x70, 0x00, 0x74, 0x00, 0x73, 0x00, 0x2e, 0x00, 0x73, 0x00, 0x69, 0x00,
    0x6c, 0x00, 0x2e, 0x00, 0x6f, 0x00, 0x72, 0x00, 0x67, 0x00, 0x2f, 0x00, 0x4f, 0x00, 0x46, 0x00,
    0x4c, 0x00, 0x00, 0x00, 0x00, 0x02, 0x00, 0x00, 0x00, 0x00, 0x00, 0x00, 0xff, 0x9c, 0x00, 0x32,
    0x00, 0x00, 0x00, 0x00, 0x00, 0x00, 0x00, 0x00, 0x00, 0x00, 0x00, 0x00, 0x00, 0x00, 0x00, 0x00,
    0x00, 0x00, 0x00, 0x00, 0x00, 0xe4, 0x00, 0x00, 0x00, 0x24, 0x00, 0xc9, 0x00, 0xc7, 0x00, 0x62,
    0x00, 0xad, 0x00, 0x63, 0x00, 0xae, 0x00, 0x90, 0x00, 0x25, 0x00, 0x26, 0x00, 0x64, 0x00, 0x27,
    0x00, 0xe9, 0x00, 0x28, 0x00, 0x65, 0x00, 0xc8, 0x00, 0xca, 0x00, 0xcb, 0x00, 0x29, 0x00, 0x2a,
    0x00, 0x2b, 0x00, 0x2c, 0x00, 0xcc, 0x00, 0xcd, 0x00, 0xce, 0x00, 0xcf, 0x00, 0x2d, 0x00, 0x2e,
    0x00, 0x2f, 0x00, 0x30, 0x00, 0x31, 0x00, 0x66, 0x00, 0x32, 0x00, 0xd0, 0x00, 0xd1, 0x00, 0x67,
    0x00, 0xd3, 0x00, 0x91, 0x00, 0xaf, 0x00, 0xb0, 0x00, 0x33, 0x00, 0xed, 0x00, 0x34, 0x00, 0x35,
    0x00, 0x36, 0x00, 0xe4, 0x00, 0x37, 0x00, 0x38, 0x00, 0xd4, 0x00, 0xd5, 0x00, 0x68, 0x00, 0xd6,
    0x00, 0x39, 0x00, 0x3a, 0x00, 0x3b, 0x00, 0x3c, 0x00, 0xeb, 0x00, 0xbb, 0x00, 0x3d, 0x00, 0xe6,
    0x00, 0x44, 0x00, 0x69, 0x00, 0x6b, 0x00, 0x6c, 0x00, 0x6a, 0x00, 0x6e, 0x00, 0x6d, 0x00, 0xa0,
    0x00, 0x45, 0x00, 0x46, 0x00, 0x6f, 0x00, 0x47, 0x00, 0xea, 0x00, 0x48, 0x00, 0x70, 0x00, 0x72,
    0x00, 0x73, 0x00, 0x71, 0x00, 0x49, 0x00, 0x4a, 0x00, 0x4b, 0x00, 0x4c, 0x00, 0x74, 0x00, 0x76,
    0x00, 0x77, 0x00, 0x75, 0x00, 0x4d, 0x00, 0x4e, 0x00, 0x4f, 0x00, 0x50, 0x00, 0x51, 0x00, 0x78,
    0x00, 0x52, 0x00, 0x79, 0x00, 0x7b, 0x00, 0x7c, 0x00, 0x7a, 0x00, 0xa1, 0x00, 0x7d, 0x00, 0xb1,
    0x00, 0x53, 0x00, 0xee, 0x00, 0x54, 0x00, 0x55, 0x00, 0x56, 0x00, 0xe5, 0x00, 0x89, 0x00, 0x57,
    0x00, 0x58, 0x00, 0x7e, 0x00, 0x80, 0x00, 0x81, 0x00, 0x7f, 0x00, 0x59, 0x00, 0x5a, 0x00, 0x5b,
    0x00, 0x5c, 0x00, 0xec, 0x00, 0xba, 0x00, 0x5d, 0x00, 0xe7, 0x00, 0x9d, 0x00, 0x9e, 0x00, 0x13,
    0x00, 0x14, 0x00, 0x15, 0x00, 0x16, 0x00, 0x17, 0x00, 0x18, 0x00, 0x19, 0x00, 0x1a, 0x00, 0x1b,
    0x00, 0x1c, 0x01, 0x02, 0x01, 0x03, 0x01, 0x04, 0x00, 0xf4, 0x00, 0xf5, 0x00, 0xf6, 0x01, 0x05,
    0x00, 0x01, 0x00, 0x03, 0x01, 0x06, 0x00, 0x11, 0x00, 0x0f, 0x00, 0x1d, 0x00, 0x1e, 0x00, 0xab,
    0x00, 0x04, 0x00, 0xa3, 0x00, 0x22, 0x00, 0xa2, 0x00, 0xc3, 0x00, 0x87, 0x00, 0x0d, 0x00, 0x06,
    0x00, 0x12, 0x00, 0x3f, 0x00, 0x10, 0x01, 0x07, 0x00, 0xb2, 0x00, 0xb3, 0x00, 0x42, 0x00, 0x0b,
    0x00, 0x0c, 0x00, 0x5e, 0x00, 0x60, 0x00, 0x3e, 0x00, 0x40, 0x00, 0xc4, 0x00, 0xc5, 0x00, 0xb4,
    0x00, 0xb5, 0x00, 0xb6, 0x00, 0xb7, 0x00, 0xa9, 0x00, 0xaa, 0x00, 0xbe, 0x00, 0xbf, 0x00, 0x05,
    0x00, 0x0a, 0x00, 0xa6, 0x00, 0x23, 0x00, 0x09, 0x00, 0x88, 0x00, 0x86, 0x00, 0x8b, 0x00, 0x8a,
    0x00, 0x8c, 0x00, 0x83, 0x00, 0x5f, 0x00, 0xe8, 0x00, 0x82, 0x00, 0xc2, 0x00, 0x84, 0x00, 0xbd,
    0x00, 0x07, 0x01, 0x08, 0x00, 0x85, 0x00, 0x96, 0x00, 0x0e, 0x00, 0xf0, 0x00, 0xb8, 0x00, 0x20,
    0x00, 0x21, 0x00, 0x1f, 0x00, 0x93, 0x00, 0x61, 0x00, 0xa4, 0x00, 0x41, 0x01, 0x09, 0x00, 0x08,
    0x00, 0xc6, 0x01, 0x0a, 0x01, 0x0b, 0x01, 0x0c, 0x01, 0x0d, 0x01, 0x0e, 0x01, 0x0f, 0x01, 0x10,
    0x00, 0x8e, 0x00, 0x43, 0x00, 0x8d, 0x00, 0xd8, 0x00, 0xd9, 0x00, 0xda, 0x00, 0xde, 0x07, 0x75,
    0x6e, 0x69, 0x30, 0x30, 0x42, 0x39, 0x07, 0x75, 0x6e, 0x69, 0x30, 0x30, 0x42, 0x32, 0x07, 0x75,
    0x6e, 0x69, 0x30, 0x30, 0x42, 0x33, 0x02, 0x43, 0x52, 0x07, 0x75, 0x6e, 0x69, 0x30, 0x30, 0x41,
    0x30, 0x07, 0x75, 0x6e, 0x69, 0x30, 0x30, 0x41, 0x44, 0x04, 0x45, 0x75, 0x72, 0x6f, 0x07, 0x75,
    0x6e, 0x69, 0x30, 0x30, 0x42, 0x35, 0x07, 0x75, 0x6e, 0x69, 0x30, 0x33, 0x30, 0x38, 0x09, 0x67,
    0x72, 0x61, 0x76, 0x65, 0x63, 0x6f, 0x6d, 0x62, 0x09, 0x61, 0x63, 0x75, 0x74, 0x65, 0x63, 0x6f,
    0x6d, 0x62, 0x07, 0x75, 0x6e, 0x69, 0x30, 0x33, 0x30, 0x32, 0x09, 0x74, 0x69, 0x6c, 0x64, 0x65,
    0x63, 0x6f, 0x6d, 0x62, 0x07, 0x75, 0x6e, 0x69, 0x30, 0x33, 0x30, 0x34, 0x07, 0x75, 0x6e, 0x69,
    0x30, 0x33, 0x32, 0x37, 0x00, 0x01, 0x00, 0x01, 0xff, 0xff, 0x00, 0x0f, 0x00, 0x01, 0x00, 0x02,
    0x00, 0x0e, 0x00, 0x00, 0x00, 0x00, 0x00, 0x00, 0x00, 0x48, 0x00, 0x02, 0x00, 0x09, 0x00, 0x01,
    0x00, 0x05, 0x00, 0x01, 0x00, 0x07, 0x00, 0x0c, 0x00, 0x01, 0x00, 0x0e, 0x00, 0x2d, 0x00, 0x01,
    0x00, 0x2f, 0x00, 0x3b, 0x00, 0x01, 0x00, 0x3d, 0x00, 0x41, 0x00, 0x01, 0x00, 0x43, 0x00, 0x52,
    0x00, 0x01, 0x00, 0x58, 0x00, 0x69, 0x00, 0x01, 0x00, 0x6b, 0x00, 0x78, 0x00, 0x01, 0x00, 0xd6,
    0x00, 0xdc, 0x00, 0x03, 0x00, 0x01, 0x00, 0x02, 0x00, 0x00, 0x00, 0x0c, 0x00, 0x00, 0x00, 0x12,
    0x00, 0x01, 0x00, 0x01, 0x00, 0xdc, 0x00, 0x02, 0x00, 0x01, 0x00, 0xd6, 0x00, 0xdb, 0x00, 0x00,
    0x00, 0x01, 0x00, 0x00, 0x00, 0x0a, 0x00, 0x12, 0x00, 0x20, 0x00, 0x01, 0x44, 0x46, 0x4c, 0x54,
    0x00, 0x1e, 0x00, 0x02, 0x6d, 0x61, 0x72, 0x6b, 0x00, 0x1a, 0x6d, 0x6b, 0x6d, 0x6b, 0x00, 0x20,
    0x00, 0x03, 0x00, 0x1a, 0x00, 0x22, 0x00, 0x2c, 0x00, 0x2e, 0x00, 0x00, 0x00, 0x00, 0x00, 0x01,
    0x00, 0x00, 0x00, 0x00, 0x00, 0x02, 0x00, 0x01, 0x00, 0x02, 0x00, 0x04, 0x00, 0x00, 0x00, 0x01,
    0x00, 0x26, 0x00, 0x06, 0x00, 0x10, 0x00, 0x01, 0x00, 0x2a, 0x00, 0x00, 0x00, 0x06, 0x00, 0x10,
    0x00, 0x01, 0x00, 0x2c, 0x00, 0x01, 0x00, 0x00, 0xff, 0xff, 0x00, 0x02, 0x00, 0x00, 0x00, 0x01,
    0x00, 0x01, 0x00, 0x24, 0x00, 0x2e, 0x00, 0x02, 0x00, 0x62, 0x00, 0x80, 0x00, 0x01, 0x02, 0x2a,
    0x02, 0x2a, 0x00, 0x01, 0x02, 0x30, 0x02, 0x36, 0x00, 0x01, 0x02, 0x2e, 0x02, 0x2e, 0x00, 0x01,
    0x02, 0x38, 0x02, 0x52, 0x00, 0x02, 0x00, 0x01, 0x00, 0xd6, 0x00, 0xdc, 0x00, 0x00, 0x00, 0x02,
    0x00, 0x08, 0x00, 0x01, 0x00, 0x05, 0x00, 0x00, 0x00, 0x07, 0x00, 0x0c, 0x00, 0x05, 0x00, 0x0e,
    0x00, 0x2d, 0x00, 0x0b, 0x00, 0x2f, 0x00, 0x3b, 0x00, 0x2b, 0x00, 0x3d, 0x00, 0x41, 0x00, 0x38,
    0x00, 0x43, 0x00, 0x52, 0x00, 0x3d, 0x00, 0x58, 0x00, 0x69, 0x00, 0x4d, 0x00, 0x6b, 0x00, 0x78,
    0x00, 0x5f, 0x00, 0x07, 0x00, 0x00, 0x02, 0x88, 0x00, 0x00, 0x02, 0x8e, 0x00, 0x00, 0x02, 0x8e,
    0x00, 0x00, 0x02, 0x94, 0x00, 0x00, 0x02, 0xac, 0x00, 0x00, 0x02, 0xa6, 0x00, 0x01, 0x02, 0x7c,
    0x00, 0x6d, 0x02, 0x8e, 0x02, 0x34, 0x02, 0x88, 0x02, 0x34, 0x02, 0x8e, 0x02, 0x34, 0x02, 0x8e,
    0x02, 0x34, 0x02, 0x88, 0x02, 0x34, 0x02, 0x88, 0x02, 0x34, 0x02, 0x3a, 0x02, 0x52, 0x02, 0x88,
    0x02, 0x34, 0x02, 0x88, 0x02, 0x34, 0x02, 0x88, 0x02, 0x16, 0x02, 0x88, 0x02, 0x34, 0x02, 0x76,
    0x02, 0x58, 0x02, 0x88, 0x02, 0x58, 0x02, 0x82, 0x02, 0x58, 0x02, 0x1c, 0x02, 0x58, 0x02, 0x7c,
    0x02, 0x58, 0x02, 0x82, 0x02, 0x58, 0x02, 0x88, 0x02, 0x34, 0x02, 0x88, 0x02, 0x34, 0x01, 0xf8,
    0x02, 0x28, 0x02, 0x7c, 0x02, 0x28, 0x01, 0xfe, 0x02, 0x28, 0x02, 0x04, 0x02, 0x28, 0x02, 0x0a,
    0x02, 0x28, 0x02, 0x88, 0x02, 0x34, 0x02, 0x88, 0x02, 0x34, 0x02, 0x82, 0x02, 0x58, 0x02, 0x3a,
    0x02, 0x52, 0x02, 0x2e, 0x02, 0x52, 0x02, 0x46, 0x02, 0x52, 0x02, 0x8e, 0x02, 0x34, 0x02, 0x88,
    0x02, 0x34, 0x02, 0x88, 0x02, 0x34, 0x02, 0x10, 0x02, 0x34, 0x02, 0x88, 0x02, 0x34, 0x02, 0x3a,
    0x02, 0x52, 0x02, 0x88, 0x02, 0x34, 0x02, 0x3a, 0x02, 0x52, 0x02, 0x88, 0x02, 0x34, 0x02, 0x82,
    0x02, 0x58, 0x02, 0x88, 0x02, 0x34, 0x02, 0x88, 0x02, 0x34, 0x02, 0x8e, 0x02, 0x34, 0x02, 0x82,
    0x02, 0x58, 0x02, 0x8e, 0x02, 0x34, 0x02, 0x88, 0x02, 0x34, 0x02, 0x88, 0x02, 0x34, 0x02, 0x10,
    0x02, 0x34, 0x02, 0x88, 0x02, 0x34, 0x02, 0x3a, 0x02, 0x52, 0x02, 0x3a, 0x02, 0x52, 0x02, 0x3a,
    0x02, 0x52, 0x02, 0x40, 0x02, 0x52, 0x02, 0x3a, 0x02, 0x52, 0x02, 0x4c, 0x02, 0x52, 0x02, 0x76,
    0x02, 0x58, 0x02, 0x8e, 0x02, 0x34, 0x02, 0x88, 0x02, 0x34, 0x02, 0x8e, 0x02, 0x34, 0x02, 0x10,
    0x02, 0x34, 0x02, 0x88, 0x02, 0x34, 0x02, 0x88, 0x02, 0x34, 0x02, 0x3a, 0x02, 0x52, 0x02, 0x88,
    0x02, 0x34, 0x02, 0x8e, 0x02, 0x34, 0x02, 0x8e, 0x02, 0x16, 0x02, 0x88, 0x02, 0x34, 0x02, 0x3a,
    0x02, 0x52, 0x02, 0x76, 0x02, 0x58, 0x02, 0x88, 0x02, 0x58, 0x02, 0x82, 0x02, 0x58, 0x02, 0x1c,
    0x02, 0x58, 0x02, 0x7c, 0x02, 0x58, 0x02, 0x82, 0x02, 0x58, 0x02, 0x88, 0x02, 0x22, 0x02, 0x88,
    0x02, 0x34, 0x00, 0x00, 0x02, 0x28, 0x02, 0x88, 0x02, 0x34, 0x02, 0x82, 0x02, 0x58, 0x02, 0x3a,
    0x02, 0x52, 0x02, 0x2e, 0x02, 0x52, 0x02, 0x46, 0x02, 0x52, 0x02, 0x8e, 0x02, 0x34, 0x02, 0x88,
    0x02, 0x34, 0x02, 0x8e, 0x02, 0x34, 0x02, 0x8e, 0x02, 0x34, 0x02, 0x88, 0x02, 0x34, 0x02, 0x3a,
    0x00, 0x00, 0x02, 0x88, 0x02, 0x34, 0x02, 0x3a, 0x02, 0x52, 0x02, 0x88, 0x02, 0x34, 0x02, 0x82,
    0x02, 0x58, 0x02, 0x88, 0x02, 0x34, 0x02, 0x88, 0x02, 0x34, 0x02, 0x88, 0x02, 0x34, 0x02, 0x88,
    0x02, 0x34, 0x02, 0x82, 0x02, 0x58, 0x02, 0x8e, 0x02, 0x34, 0x02, 0x88, 0x02, 0x34, 0x02, 0x8e,
    0x02, 0x34, 0x02, 0x8e, 0x02, 0x34, 0x02, 0x88, 0x02, 0x34, 0x02, 0x3a, 0x02, 0x52, 0x02, 0x3a,
    0x02, 0x52, 0x02, 0x3a, 0x02, 0x52, 0x02, 0x40, 0x02, 0x52, 0x02, 0x46, 0x02, 0x52, 0x02, 0x4c,
    0x02, 0x52, 0x02, 0x82, 0x02, 0x58, 0x00, 0x01, 0x00, 0x01, 0x00, 0xdc, 0x00, 0x01, 0x00, 0x00,
    0x00, 0xa2, 0x00, 0x01, 0x00, 0xa2, 0x00, 0x02, 0x00, 0x01, 0x00, 0xd6, 0x00, 0xdb, 0x00, 0x00,
    0x00, 0x06, 0x00, 0x00, 0x00, 0x9a, 0x00, 0x00, 0x00, 0xa0, 0x00, 0x00, 0x00, 0xa0, 0x00, 0x00,
    0x00, 0xa6, 0x00, 0x00, 0x00, 0xbe, 0x00, 0x00, 0x00, 0xb8, 0x00, 0x06, 0x00, 0x98, 0x00, 0x92,
    0x00, 0x92, 0x00, 0x98, 0x00, 0x9e, 0x00, 0xa4, 0x00, 0x01, 0x00, 0xbc, 0x02, 0x71, 0x00, 0x01,
    0x00, 0xbc, 0x03, 0xe8, 0x00, 0x01, 0x00, 0xbc, 0x03, 0x6b, 0x00, 0x01, 0x00, 0x7d, 0x03, 0xe8,
    0x00, 0x01, 0x01, 0x77, 0x03, 0x6b, 0x00, 0x01, 0x00, 0xf0, 0xff, 0x83, 0x00, 0x01, 0x01, 0x39,
    0x03, 0x6b, 0x00, 0x01, 0x01, 0x77, 0xff, 0x06, 0x00, 0x01, 0x00, 0xbc, 0x00, 0x00, 0x00, 0x01,
    0x01, 0xf4, 0x02, 0x71, 0x00, 0x01, 0x01, 0x77, 0x00, 0x00, 0x00, 0x01, 0x01, 0xb6, 0x03, 0xe8,
    0x00, 0x01, 0x01, 0xb6, 0x02, 0x71, 0x00, 0x01, 0x01, 0xf4, 0x03, 0xe8, 0x00, 0x01, 0x01, 0xb6,
    0x03, 0x6b, 0x00, 0x01, 0x01, 0xb6, 0x00, 0x00, 0x00, 0x01, 0x01, 0x39, 0x00, 0x00, 0x00, 0x01,
    0x01, 0x81, 0x00, 0x00, 0x00, 0x01, 0x00, 0xfa, 0xff, 0x83, 0x00, 0x01, 0x01, 0x39, 0x02, 0xee,
    0x00, 0x01, 0x00, 0xfa, 0x02, 0x71, 0x00, 0x01, 0x01, 0x39, 0x02, 0x71, 0x00, 0x01, 0x00, 0xfa,
    0x03, 0xe8, 0x00, 0x01, 0x01, 0x39, 0x03, 0xe8, 0x00, 0x01, 0x01, 0x77, 0x03, 0xe8, 0x00, 0x01,
    0x01, 0x77, 0x02, 0x71, 0x00, 0x01, 0x00, 0x00, 0x00, 0x0a, 0x00, 0x12, 0x00, 0x2c, 0x00, 0x01,
    0x44, 0x46, 0x4c, 0x54, 0x00, 0x2e, 0x00, 0x04, 0x61, 0x61, 0x6c, 0x74, 0x00, 0x2a, 0x66, 0x72,
    0x61, 0x63, 0x00, 0x30, 0x6f, 0x72, 0x64, 0x6e, 0x00, 0x36, 0x73, 0x75, 0x70, 0x73, 0x00, 0x3c,
    0x00, 0x05, 0x00, 0x28, 0x00, 0x30, 0x00, 0x38, 0x00, 0x40, 0x00, 0x4a, 0x00, 0x46, 0x00, 0x00,
    0x00, 0x00, 0x00, 0x01, 0x00, 0x00, 0x00, 0x00, 0x00, 0x01, 0x00, 0x02, 0x00, 0x00, 0x00, 0x01,
    0x00, 0x03, 0x00, 0x00, 0x00, 0x01, 0x00, 0x01, 0x00, 0x01, 0x00, 0x00, 0x00, 0x01, 0x00, 0x38,
    0x00, 0x01, 0x00, 0x00, 0x00, 0x01, 0x00, 0x44, 0x00, 0x04, 0x00, 0x00, 0x00, 0x01, 0x00, 0x42,
    0x00, 0x06, 0x00, 0x00, 0x00, 0x02, 0x00, 0x44, 0x00, 0x56, 0x00, 0x01, 0x00, 0x00, 0x00, 0x01,
    0x00, 0x5e, 0x00, 0x00, 0xff, 0xff, 0x00, 0x04, 0x00, 0x00, 0x00, 0x01, 0x00, 0x02, 0x00, 0x03,
    0x00, 0x02, 0x00, 0x56, 0x00, 0x07, 0x00, 0x7a, 0x00, 0x7b, 0x00, 0x7a, 0x00, 0x7b, 0x00, 0x86,
    0x00, 0x87, 0x00, 0x88, 0x00, 0x01, 0x00, 0x54, 0x00, 0x09, 0x00, 0x01, 0x00, 0xa0, 0x00, 0x02,
    0x00, 0x58, 0x00, 0x5e, 0x00, 0x03, 0x00, 0x01, 0x00, 0x60, 0x00, 0x01, 0x00, 0x58, 0x00, 0x00,
    0x00, 0x01, 0x00, 0x00, 0x00, 0x04, 0x00, 0x03, 0x00, 0x01, 0x00, 0x4e, 0x00, 0x01, 0x00, 0x58,
    0x00, 0x00, 0x00, 0x01, 0x00, 0x00, 0x00, 0x04, 0x00, 0x02, 0x00, 0x4e, 0x00, 0x04, 0x00, 0x7a,
    0x00, 0x7b, 0x00, 0x7a, 0x00, 0x7b, 0x00, 0x01, 0x00, 0x07, 0x00, 0x01, 0x00, 0x21, 0x00, 0x3d,
    0x00, 0x5d, 0x00, 0x7d, 0x00, 0x7e, 0x00, 0x7f, 0x00, 0x01, 0x00, 0x03, 0x00, 0x7d, 0x00, 0x7e,
    0x00, 0x7f, 0x00, 0x02, 0x00, 0x30, 0x00, 0x38, 0x00, 0x01, 0x00, 0x3a, 0x00, 0x01, 0x00, 0x02,
    0x00, 0x01, 0x00, 0x3d, 0x00, 0x02, 0x00, 0x01, 0x00, 0x7c, 0x00, 0x85, 0x00, 0x00, 0x00, 0x01,
    0x00, 0x02, 0x00, 0x21, 0x00, 0x5d, 0x00, 0x01, 0x00, 0x04, 0x00, 0x01, 0x00, 0x21, 0x00, 0x3d,
    0x00, 0x5d, 0x00, 0x8a, 0x00, 0x03, 0x00, 0x9d, 0x00, 0x80, 0x00, 0x89, 0x00, 0x03, 0x00, 0x9d,
    0x00, 0x7e, 0x00, 0x8b, 0x00, 0x03, 0x00, 0x9d, 0x00, 0x80, 0x00, 0x01, 0x00, 0x02, 0x00, 0x7d,
    0x00, 0x7f, 0x00, 0x00,
